ERROR:root:DataPoller error: 'NoneType' object has no attribute 'hEvent'
ERROR:root:'NoneType' object has no attribute 'hEvent'
ERROR:root:Error checking scope data ready: ord() expected a character, but string of length 0 found
ERROR:root:Error checking scope data ready: ord() expected a character, but string of length 0 found
ERROR:root:Error checking scope data ready: ord() expected a character, but string of length 0 found
ERROR:root:Error checking scope data ready: ord() expected a character, but string of length 0 found
ERROR:root:ord() expected a character, but string of length 0 found
ERROR:root:cannot convert 'NoneType' object to bytes
ERROR:root:ord() expected a character, but string of length 0 found
ERROR:root:cannot convert 'NoneType' object to bytes
ERROR:root:Error checking scope data ready: ord() expected a character, but string of length 0 found
ERROR:root:ord() expected a character, but string of length 0 found
ERROR:root:cannot convert 'NoneType' object to bytes
ERROR:root:DataPoller error: 'NoneType' object has no attribute 'hEvent'
ERROR:root:'NoneType' object has no attribute 'hEvent'
ERROR:root:Attempting to use a port that is not open
ERROR:root:cannot convert 'NoneType' object to bytes
ERROR:root:Attempting to use a port that is not open
ERROR:root:cannot convert 'NoneType' object to bytes
ERROR:root:Attempting to use a port that is not open
ERROR:root:cannot convert 'NoneType' object to bytes
ERROR:root:Attempting to use a port that is not open
ERROR:root:cannot convert 'NoneType' object to bytes
ERROR:root:Attempting to use a port that is not open
ERROR:root:cannot convert 'NoneType' object to bytes
ERROR:root:Attempting to use a port that is not open
ERROR:root:cannot convert 'NoneType' object to bytes
ERROR:root:Attempting to use a port that is not open
ERROR:root:cannot convert 'NoneType' object to bytes
ERROR:root:Attempting to use a port that is not open
ERROR:root:cannot convert 'NoneType' object to bytes
ERROR:root:Attempting to use a port that is not open
ERROR:root:cannot convert 'NoneType' object to bytes
ERROR:root:Attempting to use a port that is not open
ERROR:root:cannot convert 'NoneType' object to bytes
ERROR:root:Attempting to use a port that is not open
ERROR:root:cannot convert 'NoneType' object to bytes
ERROR:root:Attempting to use a port that is not open
ERROR:root:cannot convert 'NoneType' object to bytes
ERROR:root:Attempting to use a port that is not open
ERROR:root:cannot convert 'NoneType' object to bytes
ERROR:root:Attempting to use a port that is not open
ERROR:root:cannot convert 'NoneType' object to bytes
ERROR:root:Attempting to use a port that is not open
ERROR:root:cannot convert 'NoneType' object to bytes
ERROR:root:Attempting to use a port that is not open
ERROR:root:cannot convert 'NoneType' object to bytes
ERROR:root:Attempting to use a port that is not open
ERROR:root:cannot convert 'NoneType' object to bytes
ERROR:root:Attempting to use a port that is not open
ERROR:root:cannot convert 'NoneType' object to bytes
ERROR:root:Attempting to use a port that is not open
ERROR:root:cannot convert 'NoneType' object to bytes
ERROR:root:Attempting to use a port that is not open
ERROR:root:cannot convert 'NoneType' object to bytes
ERROR:root:Attempting to use a port that is not open
ERROR:root:cannot convert 'NoneType' object to bytes
ERROR:root:Attempting to use a port that is not open
ERROR:root:cannot convert 'NoneType' object to bytes
ERROR:root:Attempting to use a port that is not open
ERROR:root:cannot convert 'NoneType' object to bytes
ERROR:root:Attempting to use a port that is not open
ERROR:root:cannot convert 'NoneType' object to bytes
ERROR:root:Attempting to use a port that is not open
ERROR:root:cannot convert 'NoneType' object to bytes
ERROR:root:Attempting to use a port that is not open
ERROR:root:cannot convert 'NoneType' object to bytes
ERROR:root:Attempting to use a port that is not open
ERROR:root:cannot convert 'NoneType' object to bytes
ERROR:root:Attempting to use a port that is not open
ERROR:root:cannot convert 'NoneType' object to bytes
ERROR:root:Attempting to use a port that is not open
ERROR:root:cannot convert 'NoneType' object to bytes
ERROR:root:Attempting to use a port that is not open
ERROR:root:cannot convert 'NoneType' object to bytes
ERROR:root:Attempting to use a port that is not open
ERROR:root:cannot convert 'NoneType' object to bytes
ERROR:root:Attempting to use a port that is not open
ERROR:root:cannot convert 'NoneType' object to bytes
ERROR:root:Attempting to use a port that is not open
ERROR:root:cannot convert 'NoneType' object to bytes
ERROR:root:Attempting to use a port that is not open
ERROR:root:cannot convert 'NoneType' object to bytes
ERROR:root:Attempting to use a port that is not open
ERROR:root:cannot convert 'NoneType' object to bytes
ERROR:root:Attempting to use a port that is not open
ERROR:root:cannot convert 'NoneType' object to bytes
ERROR:root:Attempting to use a port that is not open
ERROR:root:cannot convert 'NoneType' object to bytes
ERROR:root:Attempting to use a port that is not open
ERROR:root:cannot convert 'NoneType' object to bytes
ERROR:root:Attempting to use a port that is not open
ERROR:root:cannot convert 'NoneType' object to bytes
ERROR:root:Attempting to use a port that is not open
ERROR:root:cannot convert 'NoneType' object to bytes
ERROR:root:Attempting to use a port that is not open
ERROR:root:cannot convert 'NoneType' object to bytes
ERROR:root:Attempting to use a port that is not open
ERROR:root:cannot convert 'NoneType' object to bytes
ERROR:root:Attempting to use a port that is not open
ERROR:root:cannot convert 'NoneType' object to bytes
ERROR:root:Attempting to use a port that is not open
ERROR:root:cannot convert 'NoneType' object to bytes
ERROR:root:Attempting to use a port that is not open
ERROR:root:cannot convert 'NoneType' object to bytes
ERROR:root:Attempting to use a port that is not open
ERROR:root:cannot convert 'NoneType' object to bytes
ERROR:root:Attempting to use a port that is not open
ERROR:root:cannot convert 'NoneType' object to bytes
ERROR:root:Attempting to use a port that is not open
ERROR:root:cannot convert 'NoneType' object to bytes
ERROR:root:Attempting to use a port that is not open
ERROR:root:cannot convert 'NoneType' object to bytes
ERROR:root:Attempting to use a port that is not open
ERROR:root:cannot convert 'NoneType' object to bytes
ERROR:root:Attempting to use a port that is not open
ERROR:root:cannot convert 'NoneType' object to bytes
ERROR:root:Attempting to use a port that is not open
ERROR:root:cannot convert 'NoneType' object to bytes
ERROR:root:Attempting to use a port that is not open
ERROR:root:cannot convert 'NoneType' object to bytes
ERROR:root:Attempting to use a port that is not open
ERROR:root:cannot convert 'NoneType' object to bytes
ERROR:root:Attempting to use a port that is not open
ERROR:root:cannot convert 'NoneType' object to bytes
ERROR:root:Attempting to use a port that is not open
ERROR:root:cannot convert 'NoneType' object to bytes
ERROR:root:Attempting to use a port that is not open
ERROR:root:cannot convert 'NoneType' object to bytes
ERROR:root:Attempting to use a port that is not open
ERROR:root:cannot convert 'NoneType' object to bytes
ERROR:root:Attempting to use a port that is not open
ERROR:root:cannot convert 'NoneType' object to bytes
ERROR:root:Attempting to use a port that is not open
ERROR:root:cannot convert 'NoneType' object to bytes
ERROR:root:Attempting to use a port that is not open
ERROR:root:cannot convert 'NoneType' object to bytes
ERROR:root:Attempting to use a port that is not open
ERROR:root:cannot convert 'NoneType' object to bytes
ERROR:root:Attempting to use a port that is not open
ERROR:root:cannot convert 'NoneType' object to bytes
ERROR:root:Attempting to use a port that is not open
ERROR:root:cannot convert 'NoneType' object to bytes
ERROR:root:Attempting to use a port that is not open
ERROR:root:cannot convert 'NoneType' object to bytes
ERROR:root:Attempting to use a port that is not open
ERROR:root:cannot convert 'NoneType' object to bytes
ERROR:root:Attempting to use a port that is not open
ERROR:root:cannot convert 'NoneType' object to bytes
ERROR:root:Attempting to use a port that is not open
ERROR:root:cannot convert 'NoneType' object to bytes
ERROR:root:Attempting to use a port that is not open
ERROR:root:cannot convert 'NoneType' object to bytes
ERROR:root:Attempting to use a port that is not open
ERROR:root:cannot convert 'NoneType' object to bytes
ERROR:root:Attempting to use a port that is not open
ERROR:root:cannot convert 'NoneType' object to bytes
ERROR:root:Attempting to use a port that is not open
ERROR:root:cannot convert 'NoneType' object to bytes
ERROR:root:Attempting to use a port that is not open
ERROR:root:cannot convert 'NoneType' object to bytes
ERROR:root:Attempting to use a port that is not open
ERROR:root:cannot convert 'NoneType' object to bytes
ERROR:root:Attempting to use a port that is not open
ERROR:root:cannot convert 'NoneType' object to bytes
ERROR:root:Attempting to use a port that is not open
ERROR:root:cannot convert 'NoneType' object to bytes
ERROR:root:Attempting to use a port that is not open
ERROR:root:cannot convert 'NoneType' object to bytes
ERROR:root:Attempting to use a port that is not open
ERROR:root:cannot convert 'NoneType' object to bytes
ERROR:root:Attempting to use a port that is not open
ERROR:root:cannot convert 'NoneType' object to bytes
ERROR:root:Attempting to use a port that is not open
ERROR:root:cannot convert 'NoneType' object to bytes
ERROR:root:Attempting to use a port that is not open
ERROR:root:cannot convert 'NoneType' object to bytes
ERROR:root:Attempting to use a port that is not open
ERROR:root:cannot convert 'NoneType' object to bytes
ERROR:root:Attempting to use a port that is not open
ERROR:root:cannot convert 'NoneType' object to bytes
ERROR:root:Attempting to use a port that is not open
ERROR:root:cannot convert 'NoneType' object to bytes
ERROR:root:Attempting to use a port that is not open
ERROR:root:cannot convert 'NoneType' object to bytes
ERROR:root:Attempting to use a port that is not open
ERROR:root:cannot convert 'NoneType' object to bytes
ERROR:root:Attempting to use a port that is not open
ERROR:root:cannot convert 'NoneType' object to bytes
ERROR:root:Attempting to use a port that is not open
ERROR:root:cannot convert 'NoneType' object to bytes
ERROR:root:Attempting to use a port that is not open
ERROR:root:cannot convert 'NoneType' object to bytes
ERROR:root:Attempting to use a port that is not open
ERROR:root:cannot convert 'NoneType' object to bytes
ERROR:root:Attempting to use a port that is not open
ERROR:root:cannot convert 'NoneType' object to bytes
ERROR:root:Attempting to use a port that is not open
ERROR:root:cannot convert 'NoneType' object to bytes
ERROR:root:Attempting to use a port that is not open
ERROR:root:cannot convert 'NoneType' object to bytes
ERROR:root:Attempting to use a port that is not open
ERROR:root:cannot convert 'NoneType' object to bytes
ERROR:root:Attempting to use a port that is not open
ERROR:root:cannot convert 'NoneType' object to bytes
ERROR:root:Attempting to use a port that is not open
ERROR:root:cannot convert 'NoneType' object to bytes
ERROR:root:Attempting to use a port that is not open
ERROR:root:cannot convert 'NoneType' object to bytes
ERROR:root:Attempting to use a port that is not open
ERROR:root:cannot convert 'NoneType' object to bytes
ERROR:root:Attempting to use a port that is not open
ERROR:root:cannot convert 'NoneType' object to bytes
ERROR:root:Attempting to use a port that is not open
ERROR:root:cannot convert 'NoneType' object to bytes
ERROR:root:Attempting to use a port that is not open
ERROR:root:cannot convert 'NoneType' object to bytes
ERROR:root:Attempting to use a port that is not open
ERROR:root:cannot convert 'NoneType' object to bytes
ERROR:root:Attempting to use a port that is not open
ERROR:root:cannot convert 'NoneType' object to bytes
ERROR:root:Attempting to use a port that is not open
ERROR:root:cannot convert 'NoneType' object to bytes
ERROR:root:Attempting to use a port that is not open
ERROR:root:cannot convert 'NoneType' object to bytes
ERROR:root:Attempting to use a port that is not open
ERROR:root:cannot convert 'NoneType' object to bytes
ERROR:root:Attempting to use a port that is not open
ERROR:root:cannot convert 'NoneType' object to bytes
ERROR:root:Attempting to use a port that is not open
ERROR:root:cannot convert 'NoneType' object to bytes
ERROR:root:Attempting to use a port that is not open
ERROR:root:cannot convert 'NoneType' object to bytes
ERROR:root:Attempting to use a port that is not open
ERROR:root:cannot convert 'NoneType' object to bytes
ERROR:root:Attempting to use a port that is not open
ERROR:root:cannot convert 'NoneType' object to bytes
ERROR:root:Attempting to use a port that is not open
ERROR:root:cannot convert 'NoneType' object to bytes
ERROR:root:Attempting to use a port that is not open
ERROR:root:cannot convert 'NoneType' object to bytes
ERROR:root:Attempting to use a port that is not open
ERROR:root:cannot convert 'NoneType' object to bytes
ERROR:root:Attempting to use a port that is not open
ERROR:root:cannot convert 'NoneType' object to bytes
ERROR:root:Attempting to use a port that is not open
ERROR:root:cannot convert 'NoneType' object to bytes
ERROR:root:Attempting to use a port that is not open
ERROR:root:cannot convert 'NoneType' object to bytes
ERROR:root:Attempting to use a port that is not open
ERROR:root:cannot convert 'NoneType' object to bytes
ERROR:root:Attempting to use a port that is not open
ERROR:root:cannot convert 'NoneType' object to bytes
ERROR:root:Attempting to use a port that is not open
ERROR:root:cannot convert 'NoneType' object to bytes
ERROR:root:Attempting to use a port that is not open
ERROR:root:cannot convert 'NoneType' object to bytes
ERROR:root:Attempting to use a port that is not open
ERROR:root:cannot convert 'NoneType' object to bytes
ERROR:root:Attempting to use a port that is not open
ERROR:root:cannot convert 'NoneType' object to bytes
ERROR:root:Attempting to use a port that is not open
ERROR:root:cannot convert 'NoneType' object to bytes
ERROR:root:Attempting to use a port that is not open
ERROR:root:cannot convert 'NoneType' object to bytes
ERROR:root:Attempting to use a port that is not open
ERROR:root:cannot convert 'NoneType' object to bytes
ERROR:root:Attempting to use a port that is not open
ERROR:root:cannot convert 'NoneType' object to bytes
ERROR:root:Attempting to use a port that is not open
ERROR:root:cannot convert 'NoneType' object to bytes
ERROR:root:Attempting to use a port that is not open
ERROR:root:cannot convert 'NoneType' object to bytes
ERROR:root:Attempting to use a port that is not open
ERROR:root:cannot convert 'NoneType' object to bytes
ERROR:root:Attempting to use a port that is not open
ERROR:root:cannot convert 'NoneType' object to bytes
ERROR:root:Attempting to use a port that is not open
ERROR:root:cannot convert 'NoneType' object to bytes
ERROR:root:Attempting to use a port that is not open
ERROR:root:cannot convert 'NoneType' object to bytes
ERROR:root:Attempting to use a port that is not open
ERROR:root:cannot convert 'NoneType' object to bytes
ERROR:root:Attempting to use a port that is not open
ERROR:root:cannot convert 'NoneType' object to bytes
ERROR:root:Attempting to use a port that is not open
ERROR:root:cannot convert 'NoneType' object to bytes
ERROR:root:Attempting to use a port that is not open
ERROR:root:cannot convert 'NoneType' object to bytes
ERROR:root:Attempting to use a port that is not open
ERROR:root:cannot convert 'NoneType' object to bytes
ERROR:root:Attempting to use a port that is not open
ERROR:root:cannot convert 'NoneType' object to bytes
ERROR:root:Attempting to use a port that is not open
ERROR:root:cannot convert 'NoneType' object to bytes
ERROR:root:Attempting to use a port that is not open
ERROR:root:cannot convert 'NoneType' object to bytes
ERROR:root:Attempting to use a port that is not open
ERROR:root:cannot convert 'NoneType' object to bytes
ERROR:root:Attempting to use a port that is not open
ERROR:root:cannot convert 'NoneType' object to bytes
ERROR:root:Attempting to use a port that is not open
ERROR:root:cannot convert 'NoneType' object to bytes
ERROR:root:Attempting to use a port that is not open
ERROR:root:cannot convert 'NoneType' object to bytes
ERROR:root:Attempting to use a port that is not open
ERROR:root:cannot convert 'NoneType' object to bytes
ERROR:root:Attempting to use a port that is not open
ERROR:root:cannot convert 'NoneType' object to bytes
ERROR:root:Attempting to use a port that is not open
ERROR:root:cannot convert 'NoneType' object to bytes
ERROR:root:Attempting to use a port that is not open
ERROR:root:cannot convert 'NoneType' object to bytes
ERROR:root:Attempting to use a port that is not open
ERROR:root:cannot convert 'NoneType' object to bytes
ERROR:root:Attempting to use a port that is not open
ERROR:root:cannot convert 'NoneType' object to bytes
ERROR:root:Attempting to use a port that is not open
ERROR:root:cannot convert 'NoneType' object to bytes
ERROR:root:Attempting to use a port that is not open
ERROR:root:cannot convert 'NoneType' object to bytes
ERROR:root:Attempting to use a port that is not open
ERROR:root:cannot convert 'NoneType' object to bytes
ERROR:root:Attempting to use a port that is not open
ERROR:root:cannot convert 'NoneType' object to bytes
ERROR:root:Attempting to use a port that is not open
ERROR:root:cannot convert 'NoneType' object to bytes
ERROR:root:Attempting to use a port that is not open
ERROR:root:cannot convert 'NoneType' object to bytes
ERROR:root:Attempting to use a port that is not open
ERROR:root:cannot convert 'NoneType' object to bytes
ERROR:root:Attempting to use a port that is not open
ERROR:root:cannot convert 'NoneType' object to bytes
ERROR:root:Attempting to use a port that is not open
ERROR:root:cannot convert 'NoneType' object to bytes
ERROR:root:Attempting to use a port that is not open
ERROR:root:cannot convert 'NoneType' object to bytes
ERROR:root:Attempting to use a port that is not open
ERROR:root:cannot convert 'NoneType' object to bytes
ERROR:root:Attempting to use a port that is not open
ERROR:root:cannot convert 'NoneType' object to bytes
ERROR:root:Attempting to use a port that is not open
ERROR:root:cannot convert 'NoneType' object to bytes
ERROR:root:Attempting to use a port that is not open
ERROR:root:cannot convert 'NoneType' object to bytes
ERROR:root:Attempting to use a port that is not open
ERROR:root:cannot convert 'NoneType' object to bytes
ERROR:root:Attempting to use a port that is not open
ERROR:root:cannot convert 'NoneType' object to bytes
ERROR:root:Attempting to use a port that is not open
ERROR:root:cannot convert 'NoneType' object to bytes
ERROR:root:Attempting to use a port that is not open
ERROR:root:cannot convert 'NoneType' object to bytes
ERROR:root:Attempting to use a port that is not open
ERROR:root:cannot convert 'NoneType' object to bytes
ERROR:root:Attempting to use a port that is not open
ERROR:root:cannot convert 'NoneType' object to bytes
ERROR:root:Attempting to use a port that is not open
ERROR:root:cannot convert 'NoneType' object to bytes
ERROR:root:Attempting to use a port that is not open
ERROR:root:cannot convert 'NoneType' object to bytes
ERROR:root:Attempting to use a port that is not open
ERROR:root:cannot convert 'NoneType' object to bytes
ERROR:root:Attempting to use a port that is not open
ERROR:root:cannot convert 'NoneType' object to bytes
ERROR:root:Attempting to use a port that is not open
ERROR:root:cannot convert 'NoneType' object to bytes
ERROR:root:Attempting to use a port that is not open
ERROR:root:cannot convert 'NoneType' object to bytes
ERROR:root:Attempting to use a port that is not open
ERROR:root:cannot convert 'NoneType' object to bytes
ERROR:root:Attempting to use a port that is not open
ERROR:root:cannot convert 'NoneType' object to bytes
ERROR:root:Attempting to use a port that is not open
ERROR:root:cannot convert 'NoneType' object to bytes
ERROR:root:Attempting to use a port that is not open
ERROR:root:cannot convert 'NoneType' object to bytes
ERROR:root:Attempting to use a port that is not open
ERROR:root:cannot convert 'NoneType' object to bytes
ERROR:root:Attempting to use a port that is not open
ERROR:root:cannot convert 'NoneType' object to bytes
ERROR:root:Attempting to use a port that is not open
ERROR:root:cannot convert 'NoneType' object to bytes
ERROR:root:Attempting to use a port that is not open
ERROR:root:cannot convert 'NoneType' object to bytes
ERROR:root:Attempting to use a port that is not open
ERROR:root:cannot convert 'NoneType' object to bytes
ERROR:root:Attempting to use a port that is not open
ERROR:root:cannot convert 'NoneType' object to bytes
ERROR:root:Attempting to use a port that is not open
ERROR:root:cannot convert 'NoneType' object to bytes
ERROR:root:Attempting to use a port that is not open
ERROR:root:cannot convert 'NoneType' object to bytes
ERROR:root:Attempting to use a port that is not open
ERROR:root:cannot convert 'NoneType' object to bytes
ERROR:root:Attempting to use a port that is not open
ERROR:root:cannot convert 'NoneType' object to bytes
ERROR:root:Attempting to use a port that is not open
ERROR:root:cannot convert 'NoneType' object to bytes
ERROR:root:Attempting to use a port that is not open
ERROR:root:cannot convert 'NoneType' object to bytes
ERROR:root:Attempting to use a port that is not open
ERROR:root:cannot convert 'NoneType' object to bytes
ERROR:root:Attempting to use a port that is not open
ERROR:root:cannot convert 'NoneType' object to bytes
ERROR:root:Attempting to use a port that is not open
ERROR:root:cannot convert 'NoneType' object to bytes
ERROR:root:Attempting to use a port that is not open
ERROR:root:cannot convert 'NoneType' object to bytes
ERROR:root:Attempting to use a port that is not open
ERROR:root:cannot convert 'NoneType' object to bytes
ERROR:root:Attempting to use a port that is not open
ERROR:root:cannot convert 'NoneType' object to bytes
ERROR:root:Attempting to use a port that is not open
ERROR:root:cannot convert 'NoneType' object to bytes
ERROR:root:Attempting to use a port that is not open
ERROR:root:cannot convert 'NoneType' object to bytes
ERROR:root:Attempting to use a port that is not open
ERROR:root:cannot convert 'NoneType' object to bytes
ERROR:root:Attempting to use a port that is not open
ERROR:root:cannot convert 'NoneType' object to bytes
ERROR:root:Attempting to use a port that is not open
ERROR:root:cannot convert 'NoneType' object to bytes
ERROR:root:Attempting to use a port that is not open
ERROR:root:cannot convert 'NoneType' object to bytes
ERROR:root:Attempting to use a port that is not open
ERROR:root:cannot convert 'NoneType' object to bytes
ERROR:root:Attempting to use a port that is not open
ERROR:root:cannot convert 'NoneType' object to bytes
ERROR:root:Attempting to use a port that is not open
ERROR:root:cannot convert 'NoneType' object to bytes
ERROR:root:Attempting to use a port that is not open
ERROR:root:cannot convert 'NoneType' object to bytes
ERROR:root:Attempting to use a port that is not open
ERROR:root:cannot convert 'NoneType' object to bytes
ERROR:root:Attempting to use a port that is not open
ERROR:root:cannot convert 'NoneType' object to bytes
ERROR:root:Attempting to use a port that is not open
ERROR:root:cannot convert 'NoneType' object to bytes
ERROR:root:Attempting to use a port that is not open
ERROR:root:cannot convert 'NoneType' object to bytes
ERROR:root:Attempting to use a port that is not open
ERROR:root:cannot convert 'NoneType' object to bytes
ERROR:root:Attempting to use a port that is not open
ERROR:root:cannot convert 'NoneType' object to bytes
ERROR:root:Attempting to use a port that is not open
ERROR:root:cannot convert 'NoneType' object to bytes
ERROR:root:Attempting to use a port that is not open
ERROR:root:cannot convert 'NoneType' object to bytes
ERROR:root:Attempting to use a port that is not open
ERROR:root:cannot convert 'NoneType' object to bytes
ERROR:root:Attempting to use a port that is not open
ERROR:root:cannot convert 'NoneType' object to bytes
ERROR:root:Attempting to use a port that is not open
ERROR:root:cannot convert 'NoneType' object to bytes
ERROR:root:Attempting to use a port that is not open
ERROR:root:cannot convert 'NoneType' object to bytes
ERROR:root:Attempting to use a port that is not open
ERROR:root:cannot convert 'NoneType' object to bytes
ERROR:root:Attempting to use a port that is not open
ERROR:root:cannot convert 'NoneType' object to bytes
ERROR:root:Attempting to use a port that is not open
ERROR:root:cannot convert 'NoneType' object to bytes
ERROR:root:Attempting to use a port that is not open
ERROR:root:cannot convert 'NoneType' object to bytes
ERROR:root:Attempting to use a port that is not open
ERROR:root:cannot convert 'NoneType' object to bytes
ERROR:root:Attempting to use a port that is not open
ERROR:root:cannot convert 'NoneType' object to bytes
ERROR:root:Attempting to use a port that is not open
ERROR:root:cannot convert 'NoneType' object to bytes
ERROR:root:Attempting to use a port that is not open
ERROR:root:cannot convert 'NoneType' object to bytes
ERROR:root:Attempting to use a port that is not open
ERROR:root:cannot convert 'NoneType' object to bytes
ERROR:root:Attempting to use a port that is not open
ERROR:root:cannot convert 'NoneType' object to bytes
ERROR:root:Attempting to use a port that is not open
ERROR:root:cannot convert 'NoneType' object to bytes
ERROR:root:Attempting to use a port that is not open
ERROR:root:cannot convert 'NoneType' object to bytes
ERROR:root:Attempting to use a port that is not open
ERROR:root:cannot convert 'NoneType' object to bytes
ERROR:root:Attempting to use a port that is not open
ERROR:root:cannot convert 'NoneType' object to bytes
ERROR:root:Attempting to use a port that is not open
ERROR:root:cannot convert 'NoneType' object to bytes
ERROR:root:Attempting to use a port that is not open
ERROR:root:cannot convert 'NoneType' object to bytes
ERROR:root:Attempting to use a port that is not open
ERROR:root:cannot convert 'NoneType' object to bytes
ERROR:root:Attempting to use a port that is not open
ERROR:root:cannot convert 'NoneType' object to bytes
ERROR:root:Attempting to use a port that is not open
ERROR:root:cannot convert 'NoneType' object to bytes
ERROR:root:Attempting to use a port that is not open
ERROR:root:cannot convert 'NoneType' object to bytes
ERROR:root:Attempting to use a port that is not open
ERROR:root:cannot convert 'NoneType' object to bytes
ERROR:root:Attempting to use a port that is not open
ERROR:root:cannot convert 'NoneType' object to bytes
ERROR:root:Attempting to use a port that is not open
ERROR:root:cannot convert 'NoneType' object to bytes
ERROR:root:Attempting to use a port that is not open
ERROR:root:cannot convert 'NoneType' object to bytes
ERROR:root:Attempting to use a port that is not open
ERROR:root:cannot convert 'NoneType' object to bytes
ERROR:root:Attempting to use a port that is not open
ERROR:root:cannot convert 'NoneType' object to bytes
ERROR:root:Attempting to use a port that is not open
ERROR:root:cannot convert 'NoneType' object to bytes
ERROR:root:Attempting to use a port that is not open
ERROR:root:cannot convert 'NoneType' object to bytes
ERROR:root:Attempting to use a port that is not open
ERROR:root:cannot convert 'NoneType' object to bytes
ERROR:root:Attempting to use a port that is not open
ERROR:root:cannot convert 'NoneType' object to bytes
ERROR:root:Attempting to use a port that is not open
ERROR:root:cannot convert 'NoneType' object to bytes
ERROR:root:Attempting to use a port that is not open
ERROR:root:cannot convert 'NoneType' object to bytes
ERROR:root:Attempting to use a port that is not open
ERROR:root:cannot convert 'NoneType' object to bytes
ERROR:root:Attempting to use a port that is not open
ERROR:root:cannot convert 'NoneType' object to bytes
ERROR:root:Attempting to use a port that is not open
ERROR:root:cannot convert 'NoneType' object to bytes
ERROR:root:Attempting to use a port that is not open
ERROR:root:cannot convert 'NoneType' object to bytes
ERROR:root:Attempting to use a port that is not open
ERROR:root:cannot convert 'NoneType' object to bytes
ERROR:root:Attempting to use a port that is not open
ERROR:root:cannot convert 'NoneType' object to bytes
ERROR:root:Attempting to use a port that is not open
ERROR:root:cannot convert 'NoneType' object to bytes
ERROR:root:Attempting to use a port that is not open
ERROR:root:cannot convert 'NoneType' object to bytes
ERROR:root:Attempting to use a port that is not open
ERROR:root:cannot convert 'NoneType' object to bytes
ERROR:root:Attempting to use a port that is not open
ERROR:root:cannot convert 'NoneType' object to bytes
ERROR:root:Attempting to use a port that is not open
ERROR:root:cannot convert 'NoneType' object to bytes
ERROR:root:Attempting to use a port that is not open
ERROR:root:cannot convert 'NoneType' object to bytes
ERROR:root:Attempting to use a port that is not open
ERROR:root:cannot convert 'NoneType' object to bytes
ERROR:root:Attempting to use a port that is not open
ERROR:root:cannot convert 'NoneType' object to bytes
ERROR:root:Attempting to use a port that is not open
ERROR:root:cannot convert 'NoneType' object to bytes
ERROR:root:Attempting to use a port that is not open
ERROR:root:cannot convert 'NoneType' object to bytes
ERROR:root:Attempting to use a port that is not open
ERROR:root:cannot convert 'NoneType' object to bytes
ERROR:root:Attempting to use a port that is not open
ERROR:root:cannot convert 'NoneType' object to bytes
ERROR:root:Attempting to use a port that is not open
ERROR:root:cannot convert 'NoneType' object to bytes
ERROR:root:Attempting to use a port that is not open
ERROR:root:cannot convert 'NoneType' object to bytes
ERROR:root:Attempting to use a port that is not open
ERROR:root:cannot convert 'NoneType' object to bytes
ERROR:root:Attempting to use a port that is not open
ERROR:root:cannot convert 'NoneType' object to bytes
ERROR:root:Attempting to use a port that is not open
ERROR:root:cannot convert 'NoneType' object to bytes
ERROR:root:Attempting to use a port that is not open
ERROR:root:cannot convert 'NoneType' object to bytes
ERROR:root:Attempting to use a port that is not open
ERROR:root:cannot convert 'NoneType' object to bytes
ERROR:root:Attempting to use a port that is not open
ERROR:root:cannot convert 'NoneType' object to bytes
ERROR:root:Attempting to use a port that is not open
ERROR:root:cannot convert 'NoneType' object to bytes
ERROR:root:Attempting to use a port that is not open
ERROR:root:cannot convert 'NoneType' object to bytes
ERROR:root:Attempting to use a port that is not open
ERROR:root:cannot convert 'NoneType' object to bytes
ERROR:root:Attempting to use a port that is not open
ERROR:root:cannot convert 'NoneType' object to bytes
ERROR:root:Attempting to use a port that is not open
ERROR:root:cannot convert 'NoneType' object to bytes
ERROR:root:Attempting to use a port that is not open
ERROR:root:cannot convert 'NoneType' object to bytes
ERROR:root:Attempting to use a port that is not open
ERROR:root:cannot convert 'NoneType' object to bytes
ERROR:root:Attempting to use a port that is not open
ERROR:root:cannot convert 'NoneType' object to bytes
ERROR:root:Attempting to use a port that is not open
ERROR:root:cannot convert 'NoneType' object to bytes
ERROR:root:Attempting to use a port that is not open
ERROR:root:cannot convert 'NoneType' object to bytes
ERROR:root:Attempting to use a port that is not open
ERROR:root:cannot convert 'NoneType' object to bytes
ERROR:root:Attempting to use a port that is not open
ERROR:root:cannot convert 'NoneType' object to bytes
ERROR:root:Attempting to use a port that is not open
ERROR:root:cannot convert 'NoneType' object to bytes
ERROR:root:Attempting to use a port that is not open
ERROR:root:cannot convert 'NoneType' object to bytes
ERROR:root:Attempting to use a port that is not open
ERROR:root:cannot convert 'NoneType' object to bytes
ERROR:root:Attempting to use a port that is not open
ERROR:root:cannot convert 'NoneType' object to bytes
ERROR:root:Attempting to use a port that is not open
ERROR:root:cannot convert 'NoneType' object to bytes
ERROR:root:Attempting to use a port that is not open
ERROR:root:cannot convert 'NoneType' object to bytes
ERROR:root:Attempting to use a port that is not open
ERROR:root:cannot convert 'NoneType' object to bytes
ERROR:root:Attempting to use a port that is not open
ERROR:root:cannot convert 'NoneType' object to bytes
ERROR:root:Attempting to use a port that is not open
ERROR:root:cannot convert 'NoneType' object to bytes
ERROR:root:Error reading chunk 60: ord() expected a character, but string of length 0 found
ERROR:root:Error reading chunk 61: ord() expected a character, but string of length 0 found
ERROR:root:Error reading chunk 62: ord() expected a character, but string of length 0 found
ERROR:root:Error reading chunk 63: ord() expected a character, but string of length 0 found
ERROR:root:Error reading chunk 64: ord() expected a character, but string of length 0 found
ERROR:root:DataPoller error: WriteFile failed (OSError(9, 'The handle is invalid.', None, 6))
ERROR:root:WriteFile failed (OSError(9, 'The handle is invalid.', None, 6))
ERROR:root:UART connection error: ord() expected a character, but string of length 0 found
ERROR:root:UART connection error: ord() expected a character, but string of length 0 found
ERROR:root:UART connection error: could not open port 'COM19': PermissionError(13, 'Access is denied.', None, 5)
ERROR:root:UART connection error: could not open port 'COM19': PermissionError(13, 'Access is denied.', None, 5)
ERROR:root:UART connection error: could not open port 'COM19': PermissionError(13, 'Access is denied.', None, 5)
ERROR:root:UART connection error: could not open port 'COM19': PermissionError(13, 'Access is denied.', None, 5)
ERROR:root:UART connection error: No LNet device found on any available COM port: ['COM7', 'COM16', 'COM19', 'COM17', 'COM3', 'COM6', 'COM1']
ERROR:root:UART connection error: No LNet device found on any available COM port: ['COM7', 'COM16', 'COM19', 'COM17', 'COM3', 'COM6', 'COM1']
ERROR:root:UART connection error: No LNet device found on any available COM port: ['COM7', 'COM16', 'COM19', 'COM17', 'COM3', 'COM6', 'COM1']
ERROR:root:UART connection error: No LNet device found on any available COM port: ['COM7', 'COM16', 'COM19', 'COM17', 'COM3', 'COM6', 'COM1']
ERROR:root:UART connection error: could not open port 'COM19': PermissionError(13, 'Access is denied.', None, 5)
ERROR:root:UART connection error: could not open port 'COM19': PermissionError(13, 'Access is denied.', None, 5)
ERROR:root:UART connection error: could not open port 'COM19': PermissionError(13, 'Access is denied.', None, 5)
ERROR:root:UART connection error: could not open port 'COM19': PermissionError(13, 'Access is denied.', None, 5)
ERROR:root:UART connection error: No LNet device found on any available COM port: ['COM7', 'COM16', 'COM19', 'COM17', 'COM3', 'COM6', 'COM1']
ERROR:root:UART connection error: No LNet device found on any available COM port: ['COM7', 'COM16', 'COM19', 'COM17', 'COM3', 'COM6', 'COM1']
ERROR:root:Error reading chunk 0: ord() expected a character, but string of length 0 found
ERROR:root:Error reading chunk 1: ord() expected a character, but string of length 0 found
ERROR:root:Error reading chunk 2: ord() expected a character, but string of length 0 found
ERROR:root:Error reading chunk 3: ord() expected a character, but string of length 0 found
ERROR:root:Error reading chunk 4: ord() expected a character, but string of length 0 found
ERROR:root:Error reading chunk 5: ord() expected a character, but string of length 0 found
ERROR:root:Error reading chunk 6: ord() expected a character, but string of length 0 found
ERROR:root:Error reading chunk 7: ord() expected a character, but string of length 0 found
ERROR:root:Error reading chunk 8: ord() expected a character, but string of length 0 found
ERROR:root:Error reading chunk 9: ord() expected a character, but string of length 0 found
ERROR:root:Error reading chunk 10: ord() expected a character, but string of length 0 found
ERROR:root:Error reading chunk 11: ord() expected a character, but string of length 0 found
ERROR:root:Error reading chunk 12: ord() expected a character, but string of length 0 found
ERROR:root:Error reading chunk 13: ord() expected a character, but string of length 0 found
ERROR:root:Error reading chunk 14: ord() expected a character, but string of length 0 found
ERROR:root:Error reading chunk 16: ord() expected a character, but string of length 0 found
ERROR:root:Error reading chunk 18: ord() expected a character, but string of length 0 found
ERROR:root:Error reading chunk 19: ord() expected a character, but string of length 0 found
ERROR:root:Error reading chunk 20: ord() expected a character, but string of length 0 found
ERROR:root:Error reading chunk 21: ord() expected a character, but string of length 0 found
ERROR:root:Error reading chunk 22: ord() expected a character, but string of length 0 found
ERROR:root:Error reading chunk 24: ord() expected a character, but string of length 0 found
ERROR:root:Error reading chunk 26: ord() expected a character, but string of length 0 found
ERROR:root:Error reading chunk 27: ord() expected a character, but string of length 0 found
ERROR:root:Error reading chunk 28: ord() expected a character, but string of length 0 found
ERROR:root:Error reading chunk 30: ord() expected a character, but string of length 0 found
ERROR:root:Error reading chunk 31: ord() expected a character, but string of length 0 found
ERROR:root:Error reading chunk 32: ord() expected a character, but string of length 0 found
ERROR:root:Error reading chunk 33: ord() expected a character, but string of length 0 found
ERROR:root:Error reading chunk 34: ord() expected a character, but string of length 0 found
ERROR:root:Error reading chunk 35: ord() expected a character, but string of length 0 found
ERROR:root:Error reading chunk 36: ord() expected a character, but string of length 0 found
ERROR:root:Error reading chunk 37: ord() expected a character, but string of length 0 found
ERROR:root:Error reading chunk 38: ord() expected a character, but string of length 0 found
ERROR:root:Error reading chunk 39: ord() expected a character, but string of length 0 found
ERROR:root:Error reading chunk 40: ord() expected a character, but string of length 0 found
ERROR:root:Error reading chunk 41: ord() expected a character, but string of length 0 found
ERROR:root:Error reading chunk 42: ord() expected a character, but string of length 0 found
ERROR:root:Error reading chunk 43: ord() expected a character, but string of length 0 found
ERROR:root:Error reading chunk 44: ord() expected a character, but string of length 0 found
ERROR:root:Error reading chunk 45: ord() expected a character, but string of length 0 found
ERROR:root:Error reading chunk 46: ord() expected a character, but string of length 0 found
ERROR:root:Error reading chunk 47: ord() expected a character, but string of length 0 found
ERROR:root:Error reading chunk 48: ord() expected a character, but string of length 0 found
ERROR:root:Error reading chunk 50: ord() expected a character, but string of length 0 found
ERROR:root:Error reading chunk 51: ord() expected a character, but string of length 0 found
ERROR:root:Error reading chunk 53: ord() expected a character, but string of length 0 found
ERROR:root:Error reading chunk 54: ord() expected a character, but string of length 0 found
ERROR:root:Error reading chunk 55: ord() expected a character, but string of length 0 found
ERROR:root:Error reading chunk 56: ord() expected a character, but string of length 0 found
ERROR:root:Error reading chunk 57: ord() expected a character, but string of length 0 found
ERROR:root:Error reading chunk 58: ord() expected a character, but string of length 0 found
ERROR:root:Error reading chunk 59: ord() expected a character, but string of length 0 found
ERROR:root:Error reading chunk 60: ord() expected a character, but string of length 0 found
ERROR:root:Error reading chunk 61: ord() expected a character, but string of length 0 found
ERROR:root:Error reading chunk 62: ord() expected a character, but string of length 0 found
ERROR:root:Error reading chunk 63: ord() expected a character, but string of length 0 found
ERROR:root:Error reading chunk 64: ord() expected a character, but string of length 0 found
ERROR:root:Error reading chunk 0: ord() expected a character, but string of length 0 found
ERROR:root:Error reading chunk 1: ord() expected a character, but string of length 0 found
ERROR:root:Error reading chunk 2: ord() expected a character, but string of length 0 found
ERROR:root:Error reading chunk 3: ord() expected a character, but string of length 0 found
ERROR:root:Error reading chunk 4: ord() expected a character, but string of length 0 found
ERROR:root:Error reading chunk 5: ord() expected a character, but string of length 0 found
ERROR:root:Error reading chunk 6: ord() expected a character, but string of length 0 found
ERROR:root:Error reading chunk 8: ord() expected a character, but string of length 0 found
ERROR:root:Error reading chunk 10: ord() expected a character, but string of length 0 found
ERROR:root:Error reading chunk 12: ord() expected a character, but string of length 0 found
ERROR:root:Error reading chunk 13: ord() expected a character, but string of length 0 found
ERROR:root:Error reading chunk 14: ord() expected a character, but string of length 0 found
ERROR:root:Error reading chunk 15: ord() expected a character, but string of length 0 found
ERROR:root:Error reading chunk 16: ord() expected a character, but string of length 0 found
ERROR:root:Error reading chunk 18: ord() expected a character, but string of length 0 found
ERROR:root:Error reading chunk 19: ord() expected a character, but string of length 0 found
ERROR:root:Error reading chunk 20: ord() expected a character, but string of length 0 found
ERROR:root:Error reading chunk 21: ord() expected a character, but string of length 0 found
ERROR:root:Error reading chunk 22: ord() expected a character, but string of length 0 found
ERROR:root:Error reading chunk 24: ord() expected a character, but string of length 0 found
ERROR:root:Error reading chunk 25: ord() expected a character, but string of length 0 found
ERROR:root:Error reading chunk 26: ord() expected a character, but string of length 0 found
ERROR:root:Error reading chunk 28: ord() expected a character, but string of length 0 found
ERROR:root:Error reading chunk 29: ord() expected a character, but string of length 0 found
ERROR:root:Error reading chunk 32: ord() expected a character, but string of length 0 found
ERROR:root:Error reading chunk 33: ord() expected a character, but string of length 0 found
ERROR:root:Error reading chunk 34: ord() expected a character, but string of length 0 found
ERROR:root:Error reading chunk 36: ord() expected a character, but string of length 0 found
ERROR:root:Error reading chunk 37: ord() expected a character, but string of length 0 found
ERROR:root:Error reading chunk 38: ord() expected a character, but string of length 0 found
ERROR:root:Error reading chunk 39: ord() expected a character, but string of length 0 found
ERROR:root:Error reading chunk 40: ord() expected a character, but string of length 0 found
ERROR:root:Error reading chunk 42: ord() expected a character, but string of length 0 found
ERROR:root:Error reading chunk 43: ord() expected a character, but string of length 0 found
ERROR:root:Error reading chunk 44: ord() expected a character, but string of length 0 found
ERROR:root:Error reading chunk 45: ord() expected a character, but string of length 0 found
ERROR:root:Error reading chunk 46: ord() expected a character, but string of length 0 found
ERROR:root:Error reading chunk 48: ord() expected a character, but string of length 0 found
ERROR:root:Error reading chunk 49: ord() expected a character, but string of length 0 found
ERROR:root:Error reading chunk 50: ord() expected a character, but string of length 0 found
ERROR:root:Error reading chunk 51: ord() expected a character, but string of length 0 found
ERROR:root:Error reading chunk 52: ord() expected a character, but string of length 0 found
ERROR:root:Error reading chunk 53: ord() expected a character, but string of length 0 found
ERROR:root:Error reading chunk 54: ord() expected a character, but string of length 0 found
ERROR:root:Error reading chunk 55: ord() expected a character, but string of length 0 found
ERROR:root:Error reading chunk 56: ord() expected a character, but string of length 0 found
ERROR:root:Error reading chunk 57: ord() expected a character, but string of length 0 found
ERROR:root:Error reading chunk 58: ord() expected a character, but string of length 0 found
ERROR:root:Error reading chunk 59: ord() expected a character, but string of length 0 found
ERROR:root:Error reading chunk 60: ord() expected a character, but string of length 0 found
ERROR:root:Error reading chunk 61: ord() expected a character, but string of length 0 found
ERROR:root:Error reading chunk 62: ord() expected a character, but string of length 0 found
ERROR:root:Error reading chunk 63: ord() expected a character, but string of length 0 found
ERROR:root:ord() expected a character, but string of length 0 found
ERROR:root:cannot convert 'NoneType' object to bytes
ERROR:root:ord() expected a character, but string of length 0 found
ERROR:root:cannot convert 'NoneType' object to bytes
ERROR:root:ord() expected a character, but string of length 0 found
ERROR:root:cannot convert 'NoneType' object to bytes
ERROR:root:ord() expected a character, but string of length 0 found
ERROR:root:cannot convert 'NoneType' object to bytes
ERROR:root:ord() expected a character, but string of length 0 found
ERROR:root:cannot convert 'NoneType' object to bytes
ERROR:root:ord() expected a character, but string of length 0 found
ERROR:root:cannot convert 'NoneType' object to bytes
ERROR:root:ord() expected a character, but string of length 0 found
ERROR:root:cannot convert 'NoneType' object to bytes
ERROR:root:ord() expected a character, but string of length 0 found
ERROR:root:cannot convert 'NoneType' object to bytes
ERROR:root:ord() expected a character, but string of length 0 found
ERROR:root:cannot convert 'NoneType' object to bytes
ERROR:root:ord() expected a character, but string of length 0 found
ERROR:root:cannot convert 'NoneType' object to bytes
ERROR:root:ord() expected a character, but string of length 0 found
ERROR:root:cannot convert 'NoneType' object to bytes
ERROR:root:ord() expected a character, but string of length 0 found
ERROR:root:cannot convert 'NoneType' object to bytes
ERROR:root:ord() expected a character, but string of length 0 found
ERROR:root:cannot convert 'NoneType' object to bytes
ERROR:root:ord() expected a character, but string of length 0 found
ERROR:root:cannot convert 'NoneType' object to bytes
ERROR:root:ord() expected a character, but string of length 0 found
ERROR:root:cannot convert 'NoneType' object to bytes
ERROR:root:ord() expected a character, but string of length 0 found
ERROR:root:cannot convert 'NoneType' object to bytes
ERROR:root:ord() expected a character, but string of length 0 found
ERROR:root:cannot convert 'NoneType' object to bytes
ERROR:root:ord() expected a character, but string of length 0 found
ERROR:root:cannot convert 'NoneType' object to bytes
ERROR:root:ord() expected a character, but string of length 0 found
ERROR:root:cannot convert 'NoneType' object to bytes
ERROR:root:Attempting to use a port that is not open
ERROR:root:cannot convert 'NoneType' object to bytes
ERROR:root:Attempting to use a port that is not open
ERROR:root:cannot convert 'NoneType' object to bytes
ERROR:root:Attempting to use a port that is not open
ERROR:root:cannot convert 'NoneType' object to bytes
ERROR:root:Attempting to use a port that is not open
ERROR:root:cannot convert 'NoneType' object to bytes
ERROR:root:Attempting to use a port that is not open
ERROR:root:cannot convert 'NoneType' object to bytes
ERROR:root:Attempting to use a port that is not open
ERROR:root:cannot convert 'NoneType' object to bytes
ERROR:root:Attempting to use a port that is not open
ERROR:root:cannot convert 'NoneType' object to bytes
ERROR:root:Attempting to use a port that is not open
ERROR:root:cannot convert 'NoneType' object to bytes
ERROR:root:Attempting to use a port that is not open
ERROR:root:cannot convert 'NoneType' object to bytes
ERROR:root:Attempting to use a port that is not open
ERROR:root:cannot convert 'NoneType' object to bytes
ERROR:root:Attempting to use a port that is not open
ERROR:root:cannot convert 'NoneType' object to bytes
ERROR:root:Attempting to use a port that is not open
ERROR:root:cannot convert 'NoneType' object to bytes
ERROR:root:Attempting to use a port that is not open
ERROR:root:cannot convert 'NoneType' object to bytes
ERROR:root:Attempting to use a port that is not open
ERROR:root:cannot convert 'NoneType' object to bytes
ERROR:root:Attempting to use a port that is not open
ERROR:root:cannot convert 'NoneType' object to bytes
ERROR:root:Attempting to use a port that is not open
ERROR:root:cannot convert 'NoneType' object to bytes
ERROR:root:Attempting to use a port that is not open
ERROR:root:cannot convert 'NoneType' object to bytes
ERROR:root:Attempting to use a port that is not open
ERROR:root:cannot convert 'NoneType' object to bytes
ERROR:root:Attempting to use a port that is not open
ERROR:root:cannot convert 'NoneType' object to bytes
ERROR:root:Attempting to use a port that is not open
ERROR:root:cannot convert 'NoneType' object to bytes
ERROR:root:Attempting to use a port that is not open
ERROR:root:cannot convert 'NoneType' object to bytes
ERROR:root:Attempting to use a port that is not open
ERROR:root:cannot convert 'NoneType' object to bytes
ERROR:root:Attempting to use a port that is not open
ERROR:root:cannot convert 'NoneType' object to bytes
ERROR:root:Attempting to use a port that is not open
ERROR:root:cannot convert 'NoneType' object to bytes
ERROR:root:Attempting to use a port that is not open
ERROR:root:cannot convert 'NoneType' object to bytes
ERROR:root:Attempting to use a port that is not open
ERROR:root:cannot convert 'NoneType' object to bytes
ERROR:root:Attempting to use a port that is not open
ERROR:root:cannot convert 'NoneType' object to bytes
ERROR:root:Attempting to use a port that is not open
ERROR:root:cannot convert 'NoneType' object to bytes
ERROR:root:Attempting to use a port that is not open
ERROR:root:cannot convert 'NoneType' object to bytes
ERROR:root:Attempting to use a port that is not open
ERROR:root:cannot convert 'NoneType' object to bytes
ERROR:root:Attempting to use a port that is not open
ERROR:root:cannot convert 'NoneType' object to bytes
ERROR:root:Attempting to use a port that is not open
ERROR:root:cannot convert 'NoneType' object to bytes
ERROR:root:Attempting to use a port that is not open
ERROR:root:cannot convert 'NoneType' object to bytes
ERROR:root:Attempting to use a port that is not open
ERROR:root:cannot convert 'NoneType' object to bytes
ERROR:root:Attempting to use a port that is not open
ERROR:root:cannot convert 'NoneType' object to bytes
ERROR:root:Attempting to use a port that is not open
ERROR:root:cannot convert 'NoneType' object to bytes
ERROR:root:Attempting to use a port that is not open
ERROR:root:cannot convert 'NoneType' object to bytes
ERROR:root:Attempting to use a port that is not open
ERROR:root:cannot convert 'NoneType' object to bytes
ERROR:root:Attempting to use a port that is not open
ERROR:root:cannot convert 'NoneType' object to bytes
ERROR:root:Attempting to use a port that is not open
ERROR:root:cannot convert 'NoneType' object to bytes
ERROR:root:Attempting to use a port that is not open
ERROR:root:cannot convert 'NoneType' object to bytes
ERROR:root:Attempting to use a port that is not open
ERROR:root:cannot convert 'NoneType' object to bytes
ERROR:root:Attempting to use a port that is not open
ERROR:root:cannot convert 'NoneType' object to bytes
ERROR:root:Attempting to use a port that is not open
ERROR:root:cannot convert 'NoneType' object to bytes
ERROR:root:Attempting to use a port that is not open
ERROR:root:cannot convert 'NoneType' object to bytes
ERROR:root:Attempting to use a port that is not open
ERROR:root:cannot convert 'NoneType' object to bytes
ERROR:root:Attempting to use a port that is not open
ERROR:root:cannot convert 'NoneType' object to bytes
ERROR:root:Attempting to use a port that is not open
ERROR:root:cannot convert 'NoneType' object to bytes
ERROR:root:Attempting to use a port that is not open
ERROR:root:cannot convert 'NoneType' object to bytes
ERROR:root:Attempting to use a port that is not open
ERROR:root:cannot convert 'NoneType' object to bytes
ERROR:root:Attempting to use a port that is not open
ERROR:root:cannot convert 'NoneType' object to bytes
ERROR:root:Attempting to use a port that is not open
ERROR:root:cannot convert 'NoneType' object to bytes
ERROR:root:Attempting to use a port that is not open
ERROR:root:cannot convert 'NoneType' object to bytes
ERROR:root:Attempting to use a port that is not open
ERROR:root:cannot convert 'NoneType' object to bytes
ERROR:root:Attempting to use a port that is not open
ERROR:root:cannot convert 'NoneType' object to bytes
ERROR:root:Attempting to use a port that is not open
ERROR:root:cannot convert 'NoneType' object to bytes
ERROR:root:Attempting to use a port that is not open
ERROR:root:cannot convert 'NoneType' object to bytes
ERROR:root:Attempting to use a port that is not open
ERROR:root:cannot convert 'NoneType' object to bytes
ERROR:root:Attempting to use a port that is not open
ERROR:root:cannot convert 'NoneType' object to bytes
ERROR:root:Attempting to use a port that is not open
ERROR:root:cannot convert 'NoneType' object to bytes
ERROR:root:Attempting to use a port that is not open
ERROR:root:cannot convert 'NoneType' object to bytes
ERROR:root:Attempting to use a port that is not open
ERROR:root:cannot convert 'NoneType' object to bytes
ERROR:root:Attempting to use a port that is not open
ERROR:root:cannot convert 'NoneType' object to bytes
ERROR:root:Attempting to use a port that is not open
ERROR:root:cannot convert 'NoneType' object to bytes
ERROR:root:Attempting to use a port that is not open
ERROR:root:cannot convert 'NoneType' object to bytes
ERROR:root:Attempting to use a port that is not open
ERROR:root:cannot convert 'NoneType' object to bytes
ERROR:root:Attempting to use a port that is not open
ERROR:root:cannot convert 'NoneType' object to bytes
ERROR:root:Attempting to use a port that is not open
ERROR:root:cannot convert 'NoneType' object to bytes
ERROR:root:Attempting to use a port that is not open
ERROR:root:cannot convert 'NoneType' object to bytes
ERROR:root:Attempting to use a port that is not open
ERROR:root:cannot convert 'NoneType' object to bytes
ERROR:root:Attempting to use a port that is not open
ERROR:root:cannot convert 'NoneType' object to bytes
ERROR:root:Attempting to use a port that is not open
ERROR:root:cannot convert 'NoneType' object to bytes
ERROR:root:Attempting to use a port that is not open
ERROR:root:cannot convert 'NoneType' object to bytes
ERROR:root:Attempting to use a port that is not open
ERROR:root:cannot convert 'NoneType' object to bytes
ERROR:root:Attempting to use a port that is not open
ERROR:root:cannot convert 'NoneType' object to bytes
ERROR:root:Attempting to use a port that is not open
ERROR:root:cannot convert 'NoneType' object to bytes
ERROR:root:Attempting to use a port that is not open
ERROR:root:cannot convert 'NoneType' object to bytes
ERROR:root:Attempting to use a port that is not open
ERROR:root:cannot convert 'NoneType' object to bytes
ERROR:root:Attempting to use a port that is not open
ERROR:root:cannot convert 'NoneType' object to bytes
ERROR:root:Attempting to use a port that is not open
ERROR:root:cannot convert 'NoneType' object to bytes
ERROR:root:Attempting to use a port that is not open
ERROR:root:cannot convert 'NoneType' object to bytes
ERROR:root:Attempting to use a port that is not open
ERROR:root:cannot convert 'NoneType' object to bytes
ERROR:root:Attempting to use a port that is not open
ERROR:root:cannot convert 'NoneType' object to bytes
ERROR:root:Attempting to use a port that is not open
ERROR:root:cannot convert 'NoneType' object to bytes
ERROR:root:Attempting to use a port that is not open
ERROR:root:cannot convert 'NoneType' object to bytes
ERROR:root:Attempting to use a port that is not open
ERROR:root:cannot convert 'NoneType' object to bytes
ERROR:root:Attempting to use a port that is not open
ERROR:root:cannot convert 'NoneType' object to bytes
ERROR:root:Attempting to use a port that is not open
ERROR:root:cannot convert 'NoneType' object to bytes
ERROR:root:Attempting to use a port that is not open
ERROR:root:cannot convert 'NoneType' object to bytes
ERROR:root:Attempting to use a port that is not open
ERROR:root:cannot convert 'NoneType' object to bytes
ERROR:root:Attempting to use a port that is not open
ERROR:root:cannot convert 'NoneType' object to bytes
ERROR:root:Attempting to use a port that is not open
ERROR:root:cannot convert 'NoneType' object to bytes
ERROR:root:Attempting to use a port that is not open
ERROR:root:cannot convert 'NoneType' object to bytes
ERROR:root:Attempting to use a port that is not open
ERROR:root:cannot convert 'NoneType' object to bytes
ERROR:root:Attempting to use a port that is not open
ERROR:root:cannot convert 'NoneType' object to bytes
ERROR:root:Attempting to use a port that is not open
ERROR:root:cannot convert 'NoneType' object to bytes
ERROR:root:Attempting to use a port that is not open
ERROR:root:cannot convert 'NoneType' object to bytes
ERROR:root:Attempting to use a port that is not open
ERROR:root:cannot convert 'NoneType' object to bytes
ERROR:root:Attempting to use a port that is not open
ERROR:root:cannot convert 'NoneType' object to bytes
ERROR:root:Attempting to use a port that is not open
ERROR:root:cannot convert 'NoneType' object to bytes
ERROR:root:Attempting to use a port that is not open
ERROR:root:cannot convert 'NoneType' object to bytes
ERROR:root:Attempting to use a port that is not open
ERROR:root:cannot convert 'NoneType' object to bytes
ERROR:root:Attempting to use a port that is not open
ERROR:root:cannot convert 'NoneType' object to bytes
ERROR:root:Attempting to use a port that is not open
ERROR:root:cannot convert 'NoneType' object to bytes
ERROR:root:Attempting to use a port that is not open
ERROR:root:cannot convert 'NoneType' object to bytes
ERROR:root:Attempting to use a port that is not open
ERROR:root:cannot convert 'NoneType' object to bytes
ERROR:root:Attempting to use a port that is not open
ERROR:root:cannot convert 'NoneType' object to bytes
ERROR:root:Attempting to use a port that is not open
ERROR:root:cannot convert 'NoneType' object to bytes
ERROR:root:Attempting to use a port that is not open
ERROR:root:cannot convert 'NoneType' object to bytes
ERROR:root:Attempting to use a port that is not open
ERROR:root:cannot convert 'NoneType' object to bytes
ERROR:root:Attempting to use a port that is not open
ERROR:root:cannot convert 'NoneType' object to bytes
ERROR:root:Attempting to use a port that is not open
ERROR:root:cannot convert 'NoneType' object to bytes
ERROR:root:Attempting to use a port that is not open
ERROR:root:cannot convert 'NoneType' object to bytes
ERROR:root:Attempting to use a port that is not open
ERROR:root:cannot convert 'NoneType' object to bytes
ERROR:root:Attempting to use a port that is not open
ERROR:root:cannot convert 'NoneType' object to bytes
ERROR:root:Attempting to use a port that is not open
ERROR:root:cannot convert 'NoneType' object to bytes
ERROR:root:Attempting to use a port that is not open
ERROR:root:cannot convert 'NoneType' object to bytes
ERROR:root:Attempting to use a port that is not open
ERROR:root:cannot convert 'NoneType' object to bytes
ERROR:root:Attempting to use a port that is not open
ERROR:root:cannot convert 'NoneType' object to bytes
ERROR:root:Attempting to use a port that is not open
ERROR:root:cannot convert 'NoneType' object to bytes
ERROR:root:Attempting to use a port that is not open
ERROR:root:cannot convert 'NoneType' object to bytes
ERROR:root:Attempting to use a port that is not open
ERROR:root:cannot convert 'NoneType' object to bytes
ERROR:root:Attempting to use a port that is not open
ERROR:root:cannot convert 'NoneType' object to bytes
ERROR:root:Attempting to use a port that is not open
ERROR:root:cannot convert 'NoneType' object to bytes
ERROR:root:Attempting to use a port that is not open
ERROR:root:cannot convert 'NoneType' object to bytes
ERROR:root:Attempting to use a port that is not open
ERROR:root:cannot convert 'NoneType' object to bytes
ERROR:root:Attempting to use a port that is not open
ERROR:root:cannot convert 'NoneType' object to bytes
ERROR:root:Attempting to use a port that is not open
ERROR:root:cannot convert 'NoneType' object to bytes
ERROR:root:Attempting to use a port that is not open
ERROR:root:cannot convert 'NoneType' object to bytes
ERROR:root:Attempting to use a port that is not open
ERROR:root:cannot convert 'NoneType' object to bytes
ERROR:root:Attempting to use a port that is not open
ERROR:root:cannot convert 'NoneType' object to bytes
ERROR:root:Attempting to use a port that is not open
ERROR:root:cannot convert 'NoneType' object to bytes
ERROR:root:Attempting to use a port that is not open
ERROR:root:cannot convert 'NoneType' object to bytes
ERROR:root:Attempting to use a port that is not open
ERROR:root:cannot convert 'NoneType' object to bytes
ERROR:root:Attempting to use a port that is not open
ERROR:root:cannot convert 'NoneType' object to bytes
ERROR:root:Attempting to use a port that is not open
ERROR:root:cannot convert 'NoneType' object to bytes
ERROR:root:Attempting to use a port that is not open
ERROR:root:cannot convert 'NoneType' object to bytes
ERROR:root:Attempting to use a port that is not open
ERROR:root:cannot convert 'NoneType' object to bytes
ERROR:root:Attempting to use a port that is not open
ERROR:root:cannot convert 'NoneType' object to bytes
ERROR:root:Attempting to use a port that is not open
ERROR:root:cannot convert 'NoneType' object to bytes
ERROR:root:Attempting to use a port that is not open
ERROR:root:cannot convert 'NoneType' object to bytes
ERROR:root:Attempting to use a port that is not open
ERROR:root:cannot convert 'NoneType' object to bytes
ERROR:root:Attempting to use a port that is not open
ERROR:root:cannot convert 'NoneType' object to bytes
ERROR:root:Attempting to use a port that is not open
ERROR:root:cannot convert 'NoneType' object to bytes
ERROR:root:Attempting to use a port that is not open
ERROR:root:cannot convert 'NoneType' object to bytes
ERROR:root:Attempting to use a port that is not open
ERROR:root:cannot convert 'NoneType' object to bytes
ERROR:root:Attempting to use a port that is not open
ERROR:root:cannot convert 'NoneType' object to bytes
ERROR:root:Attempting to use a port that is not open
ERROR:root:cannot convert 'NoneType' object to bytes
ERROR:root:Attempting to use a port that is not open
ERROR:root:cannot convert 'NoneType' object to bytes
ERROR:root:Attempting to use a port that is not open
ERROR:root:cannot convert 'NoneType' object to bytes
ERROR:root:Attempting to use a port that is not open
ERROR:root:cannot convert 'NoneType' object to bytes
ERROR:root:Attempting to use a port that is not open
ERROR:root:cannot convert 'NoneType' object to bytes
ERROR:root:Attempting to use a port that is not open
ERROR:root:cannot convert 'NoneType' object to bytes
ERROR:root:Attempting to use a port that is not open
ERROR:root:cannot convert 'NoneType' object to bytes
ERROR:root:Attempting to use a port that is not open
ERROR:root:cannot convert 'NoneType' object to bytes
ERROR:root:Attempting to use a port that is not open
ERROR:root:cannot convert 'NoneType' object to bytes
ERROR:root:Attempting to use a port that is not open
ERROR:root:cannot convert 'NoneType' object to bytes
ERROR:root:Attempting to use a port that is not open
ERROR:root:cannot convert 'NoneType' object to bytes
ERROR:root:Attempting to use a port that is not open
ERROR:root:cannot convert 'NoneType' object to bytes
ERROR:root:Attempting to use a port that is not open
ERROR:root:cannot convert 'NoneType' object to bytes
ERROR:root:Attempting to use a port that is not open
ERROR:root:cannot convert 'NoneType' object to bytes
ERROR:root:Attempting to use a port that is not open
ERROR:root:cannot convert 'NoneType' object to bytes
ERROR:root:Attempting to use a port that is not open
ERROR:root:cannot convert 'NoneType' object to bytes
ERROR:root:Attempting to use a port that is not open
ERROR:root:cannot convert 'NoneType' object to bytes
ERROR:root:Attempting to use a port that is not open
ERROR:root:cannot convert 'NoneType' object to bytes
ERROR:root:Attempting to use a port that is not open
ERROR:root:cannot convert 'NoneType' object to bytes
ERROR:root:Attempting to use a port that is not open
ERROR:root:cannot convert 'NoneType' object to bytes
ERROR:root:Attempting to use a port that is not open
ERROR:root:cannot convert 'NoneType' object to bytes
ERROR:root:Attempting to use a port that is not open
ERROR:root:cannot convert 'NoneType' object to bytes
ERROR:root:Attempting to use a port that is not open
ERROR:root:cannot convert 'NoneType' object to bytes
ERROR:root:Attempting to use a port that is not open
ERROR:root:cannot convert 'NoneType' object to bytes
ERROR:root:Attempting to use a port that is not open
ERROR:root:cannot convert 'NoneType' object to bytes
ERROR:root:Attempting to use a port that is not open
ERROR:root:cannot convert 'NoneType' object to bytes
ERROR:root:Attempting to use a port that is not open
ERROR:root:cannot convert 'NoneType' object to bytes
ERROR:root:Attempting to use a port that is not open
ERROR:root:cannot convert 'NoneType' object to bytes
ERROR:root:Attempting to use a port that is not open
ERROR:root:cannot convert 'NoneType' object to bytes
ERROR:root:Attempting to use a port that is not open
ERROR:root:cannot convert 'NoneType' object to bytes
ERROR:root:Attempting to use a port that is not open
ERROR:root:cannot convert 'NoneType' object to bytes
ERROR:root:Attempting to use a port that is not open
ERROR:root:cannot convert 'NoneType' object to bytes
ERROR:root:Attempting to use a port that is not open
ERROR:root:cannot convert 'NoneType' object to bytes
ERROR:root:Attempting to use a port that is not open
ERROR:root:cannot convert 'NoneType' object to bytes
ERROR:root:Attempting to use a port that is not open
ERROR:root:cannot convert 'NoneType' object to bytes
ERROR:root:Attempting to use a port that is not open
ERROR:root:cannot convert 'NoneType' object to bytes
ERROR:root:Attempting to use a port that is not open
ERROR:root:cannot convert 'NoneType' object to bytes
ERROR:root:Attempting to use a port that is not open
ERROR:root:cannot convert 'NoneType' object to bytes
ERROR:root:Attempting to use a port that is not open
ERROR:root:cannot convert 'NoneType' object to bytes
ERROR:root:Attempting to use a port that is not open
ERROR:root:cannot convert 'NoneType' object to bytes
ERROR:root:Attempting to use a port that is not open
ERROR:root:cannot convert 'NoneType' object to bytes
ERROR:root:Attempting to use a port that is not open
ERROR:root:cannot convert 'NoneType' object to bytes
ERROR:root:Attempting to use a port that is not open
ERROR:root:cannot convert 'NoneType' object to bytes
ERROR:root:Attempting to use a port that is not open
ERROR:root:cannot convert 'NoneType' object to bytes
ERROR:root:Attempting to use a port that is not open
ERROR:root:cannot convert 'NoneType' object to bytes
ERROR:root:Attempting to use a port that is not open
ERROR:root:cannot convert 'NoneType' object to bytes
ERROR:root:Attempting to use a port that is not open
ERROR:root:cannot convert 'NoneType' object to bytes
ERROR:root:Attempting to use a port that is not open
ERROR:root:cannot convert 'NoneType' object to bytes
ERROR:root:Attempting to use a port that is not open
ERROR:root:cannot convert 'NoneType' object to bytes
ERROR:root:Attempting to use a port that is not open
ERROR:root:cannot convert 'NoneType' object to bytes
ERROR:root:Attempting to use a port that is not open
ERROR:root:cannot convert 'NoneType' object to bytes
ERROR:root:Attempting to use a port that is not open
ERROR:root:cannot convert 'NoneType' object to bytes
ERROR:root:Attempting to use a port that is not open
ERROR:root:cannot convert 'NoneType' object to bytes
ERROR:root:Attempting to use a port that is not open
ERROR:root:cannot convert 'NoneType' object to bytes
ERROR:root:Attempting to use a port that is not open
ERROR:root:cannot convert 'NoneType' object to bytes
ERROR:root:Attempting to use a port that is not open
ERROR:root:cannot convert 'NoneType' object to bytes
ERROR:root:Attempting to use a port that is not open
ERROR:root:cannot convert 'NoneType' object to bytes
ERROR:root:Attempting to use a port that is not open
ERROR:root:cannot convert 'NoneType' object to bytes
ERROR:root:Attempting to use a port that is not open
ERROR:root:cannot convert 'NoneType' object to bytes
ERROR:root:Attempting to use a port that is not open
ERROR:root:cannot convert 'NoneType' object to bytes
ERROR:root:Attempting to use a port that is not open
ERROR:root:cannot convert 'NoneType' object to bytes
ERROR:root:Attempting to use a port that is not open
ERROR:root:cannot convert 'NoneType' object to bytes
ERROR:root:Attempting to use a port that is not open
ERROR:root:cannot convert 'NoneType' object to bytes
ERROR:root:Attempting to use a port that is not open
ERROR:root:cannot convert 'NoneType' object to bytes
ERROR:root:Attempting to use a port that is not open
ERROR:root:cannot convert 'NoneType' object to bytes
ERROR:root:Attempting to use a port that is not open
ERROR:root:cannot convert 'NoneType' object to bytes
ERROR:root:Attempting to use a port that is not open
ERROR:root:cannot convert 'NoneType' object to bytes
ERROR:root:Attempting to use a port that is not open
ERROR:root:cannot convert 'NoneType' object to bytes
ERROR:root:Attempting to use a port that is not open
ERROR:root:cannot convert 'NoneType' object to bytes
ERROR:root:Attempting to use a port that is not open
ERROR:root:cannot convert 'NoneType' object to bytes
ERROR:root:Attempting to use a port that is not open
ERROR:root:cannot convert 'NoneType' object to bytes
ERROR:root:Attempting to use a port that is not open
ERROR:root:cannot convert 'NoneType' object to bytes
ERROR:root:Attempting to use a port that is not open
ERROR:root:cannot convert 'NoneType' object to bytes
ERROR:root:Attempting to use a port that is not open
ERROR:root:cannot convert 'NoneType' object to bytes
ERROR:root:Attempting to use a port that is not open
ERROR:root:cannot convert 'NoneType' object to bytes
ERROR:root:Attempting to use a port that is not open
ERROR:root:cannot convert 'NoneType' object to bytes
ERROR:root:Attempting to use a port that is not open
ERROR:root:cannot convert 'NoneType' object to bytes
ERROR:root:Attempting to use a port that is not open
ERROR:root:cannot convert 'NoneType' object to bytes
ERROR:root:Attempting to use a port that is not open
ERROR:root:cannot convert 'NoneType' object to bytes
ERROR:root:Attempting to use a port that is not open
ERROR:root:cannot convert 'NoneType' object to bytes
ERROR:root:Attempting to use a port that is not open
ERROR:root:cannot convert 'NoneType' object to bytes
ERROR:root:Attempting to use a port that is not open
ERROR:root:cannot convert 'NoneType' object to bytes
ERROR:root:Attempting to use a port that is not open
ERROR:root:cannot convert 'NoneType' object to bytes
ERROR:root:Attempting to use a port that is not open
ERROR:root:cannot convert 'NoneType' object to bytes
ERROR:root:Attempting to use a port that is not open
ERROR:root:cannot convert 'NoneType' object to bytes
ERROR:root:Attempting to use a port that is not open
ERROR:root:cannot convert 'NoneType' object to bytes
ERROR:root:Attempting to use a port that is not open
ERROR:root:cannot convert 'NoneType' object to bytes
ERROR:root:Attempting to use a port that is not open
ERROR:root:cannot convert 'NoneType' object to bytes
ERROR:root:Attempting to use a port that is not open
ERROR:root:cannot convert 'NoneType' object to bytes
ERROR:root:Attempting to use a port that is not open
ERROR:root:cannot convert 'NoneType' object to bytes
ERROR:root:Attempting to use a port that is not open
ERROR:root:cannot convert 'NoneType' object to bytes
ERROR:root:Attempting to use a port that is not open
ERROR:root:cannot convert 'NoneType' object to bytes
ERROR:root:Attempting to use a port that is not open
ERROR:root:cannot convert 'NoneType' object to bytes
ERROR:root:Attempting to use a port that is not open
ERROR:root:cannot convert 'NoneType' object to bytes
ERROR:root:Attempting to use a port that is not open
ERROR:root:cannot convert 'NoneType' object to bytes
ERROR:root:Attempting to use a port that is not open
ERROR:root:cannot convert 'NoneType' object to bytes
ERROR:root:Attempting to use a port that is not open
ERROR:root:cannot convert 'NoneType' object to bytes
ERROR:root:Attempting to use a port that is not open
ERROR:root:cannot convert 'NoneType' object to bytes
ERROR:root:Attempting to use a port that is not open
ERROR:root:cannot convert 'NoneType' object to bytes
ERROR:root:Attempting to use a port that is not open
ERROR:root:cannot convert 'NoneType' object to bytes
ERROR:root:Attempting to use a port that is not open
ERROR:root:cannot convert 'NoneType' object to bytes
ERROR:root:Attempting to use a port that is not open
ERROR:root:cannot convert 'NoneType' object to bytes
ERROR:root:Attempting to use a port that is not open
ERROR:root:cannot convert 'NoneType' object to bytes
ERROR:root:Attempting to use a port that is not open
ERROR:root:cannot convert 'NoneType' object to bytes
ERROR:root:Attempting to use a port that is not open
ERROR:root:cannot convert 'NoneType' object to bytes
ERROR:root:Attempting to use a port that is not open
ERROR:root:cannot convert 'NoneType' object to bytes
ERROR:root:Attempting to use a port that is not open
ERROR:root:cannot convert 'NoneType' object to bytes
ERROR:root:Attempting to use a port that is not open
ERROR:root:cannot convert 'NoneType' object to bytes
ERROR:root:Attempting to use a port that is not open
ERROR:root:cannot convert 'NoneType' object to bytes
ERROR:root:Attempting to use a port that is not open
ERROR:root:cannot convert 'NoneType' object to bytes
ERROR:root:Attempting to use a port that is not open
ERROR:root:cannot convert 'NoneType' object to bytes
ERROR:root:Attempting to use a port that is not open
ERROR:root:cannot convert 'NoneType' object to bytes
ERROR:root:Attempting to use a port that is not open
ERROR:root:cannot convert 'NoneType' object to bytes
ERROR:root:Attempting to use a port that is not open
ERROR:root:cannot convert 'NoneType' object to bytes
ERROR:root:Attempting to use a port that is not open
ERROR:root:cannot convert 'NoneType' object to bytes
ERROR:root:Attempting to use a port that is not open
ERROR:root:cannot convert 'NoneType' object to bytes
ERROR:root:Attempting to use a port that is not open
ERROR:root:cannot convert 'NoneType' object to bytes
ERROR:root:Attempting to use a port that is not open
ERROR:root:cannot convert 'NoneType' object to bytes
ERROR:root:Attempting to use a port that is not open
ERROR:root:cannot convert 'NoneType' object to bytes
ERROR:root:Attempting to use a port that is not open
ERROR:root:cannot convert 'NoneType' object to bytes
ERROR:root:Attempting to use a port that is not open
ERROR:root:cannot convert 'NoneType' object to bytes
ERROR:root:Attempting to use a port that is not open
ERROR:root:cannot convert 'NoneType' object to bytes
ERROR:root:Attempting to use a port that is not open
ERROR:root:cannot convert 'NoneType' object to bytes
ERROR:root:Attempting to use a port that is not open
ERROR:root:cannot convert 'NoneType' object to bytes
ERROR:root:Attempting to use a port that is not open
ERROR:root:cannot convert 'NoneType' object to bytes
ERROR:root:Attempting to use a port that is not open
ERROR:root:cannot convert 'NoneType' object to bytes
ERROR:root:Attempting to use a port that is not open
ERROR:root:cannot convert 'NoneType' object to bytes
ERROR:root:Attempting to use a port that is not open
ERROR:root:cannot convert 'NoneType' object to bytes
ERROR:root:Attempting to use a port that is not open
ERROR:root:cannot convert 'NoneType' object to bytes
ERROR:root:Attempting to use a port that is not open
ERROR:root:cannot convert 'NoneType' object to bytes
ERROR:root:Attempting to use a port that is not open
ERROR:root:cannot convert 'NoneType' object to bytes
ERROR:root:Attempting to use a port that is not open
ERROR:root:cannot convert 'NoneType' object to bytes
ERROR:root:Attempting to use a port that is not open
ERROR:root:cannot convert 'NoneType' object to bytes
ERROR:root:Attempting to use a port that is not open
ERROR:root:cannot convert 'NoneType' object to bytes
ERROR:root:Attempting to use a port that is not open
ERROR:root:cannot convert 'NoneType' object to bytes
ERROR:root:Attempting to use a port that is not open
ERROR:root:cannot convert 'NoneType' object to bytes
ERROR:root:Attempting to use a port that is not open
ERROR:root:cannot convert 'NoneType' object to bytes
ERROR:root:Attempting to use a port that is not open
ERROR:root:cannot convert 'NoneType' object to bytes
ERROR:root:Attempting to use a port that is not open
ERROR:root:cannot convert 'NoneType' object to bytes
ERROR:root:Attempting to use a port that is not open
ERROR:root:cannot convert 'NoneType' object to bytes
ERROR:root:Attempting to use a port that is not open
ERROR:root:cannot convert 'NoneType' object to bytes
ERROR:root:Attempting to use a port that is not open
ERROR:root:cannot convert 'NoneType' object to bytes
ERROR:root:Attempting to use a port that is not open
ERROR:root:cannot convert 'NoneType' object to bytes
ERROR:root:Attempting to use a port that is not open
ERROR:root:cannot convert 'NoneType' object to bytes
ERROR:root:Attempting to use a port that is not open
ERROR:root:cannot convert 'NoneType' object to bytes
ERROR:root:Attempting to use a port that is not open
ERROR:root:cannot convert 'NoneType' object to bytes
ERROR:root:Attempting to use a port that is not open
ERROR:root:cannot convert 'NoneType' object to bytes
ERROR:root:Attempting to use a port that is not open
ERROR:root:cannot convert 'NoneType' object to bytes
ERROR:root:Attempting to use a port that is not open
ERROR:root:cannot convert 'NoneType' object to bytes
ERROR:root:Attempting to use a port that is not open
ERROR:root:cannot convert 'NoneType' object to bytes
ERROR:root:Attempting to use a port that is not open
ERROR:root:cannot convert 'NoneType' object to bytes
ERROR:root:Attempting to use a port that is not open
ERROR:root:cannot convert 'NoneType' object to bytes
ERROR:root:Attempting to use a port that is not open
ERROR:root:cannot convert 'NoneType' object to bytes
ERROR:root:Attempting to use a port that is not open
ERROR:root:cannot convert 'NoneType' object to bytes
ERROR:root:Attempting to use a port that is not open
ERROR:root:cannot convert 'NoneType' object to bytes
ERROR:root:Attempting to use a port that is not open
ERROR:root:cannot convert 'NoneType' object to bytes
ERROR:root:Attempting to use a port that is not open
ERROR:root:cannot convert 'NoneType' object to bytes
ERROR:root:Attempting to use a port that is not open
ERROR:root:cannot convert 'NoneType' object to bytes
ERROR:root:Attempting to use a port that is not open
ERROR:root:cannot convert 'NoneType' object to bytes
ERROR:root:Attempting to use a port that is not open
ERROR:root:cannot convert 'NoneType' object to bytes
ERROR:root:Attempting to use a port that is not open
ERROR:root:cannot convert 'NoneType' object to bytes
ERROR:root:Attempting to use a port that is not open
ERROR:root:cannot convert 'NoneType' object to bytes
ERROR:root:Attempting to use a port that is not open
ERROR:root:cannot convert 'NoneType' object to bytes
ERROR:root:Attempting to use a port that is not open
ERROR:root:cannot convert 'NoneType' object to bytes
ERROR:root:Attempting to use a port that is not open
ERROR:root:cannot convert 'NoneType' object to bytes
ERROR:root:Attempting to use a port that is not open
ERROR:root:cannot convert 'NoneType' object to bytes
ERROR:root:Attempting to use a port that is not open
ERROR:root:cannot convert 'NoneType' object to bytes
ERROR:root:Attempting to use a port that is not open
ERROR:root:cannot convert 'NoneType' object to bytes
ERROR:root:Attempting to use a port that is not open
ERROR:root:cannot convert 'NoneType' object to bytes
ERROR:root:Attempting to use a port that is not open
ERROR:root:cannot convert 'NoneType' object to bytes
ERROR:root:Attempting to use a port that is not open
ERROR:root:cannot convert 'NoneType' object to bytes
ERROR:root:Attempting to use a port that is not open
ERROR:root:cannot convert 'NoneType' object to bytes
ERROR:root:Attempting to use a port that is not open
ERROR:root:cannot convert 'NoneType' object to bytes
ERROR:root:Attempting to use a port that is not open
ERROR:root:cannot convert 'NoneType' object to bytes
ERROR:root:Attempting to use a port that is not open
ERROR:root:cannot convert 'NoneType' object to bytes
ERROR:root:Attempting to use a port that is not open
ERROR:root:cannot convert 'NoneType' object to bytes
ERROR:root:Attempting to use a port that is not open
ERROR:root:cannot convert 'NoneType' object to bytes
ERROR:root:Attempting to use a port that is not open
ERROR:root:cannot convert 'NoneType' object to bytes
ERROR:root:Attempting to use a port that is not open
ERROR:root:cannot convert 'NoneType' object to bytes
ERROR:root:Attempting to use a port that is not open
ERROR:root:cannot convert 'NoneType' object to bytes
ERROR:root:Attempting to use a port that is not open
ERROR:root:cannot convert 'NoneType' object to bytes
ERROR:root:Attempting to use a port that is not open
ERROR:root:cannot convert 'NoneType' object to bytes
ERROR:root:Attempting to use a port that is not open
ERROR:root:cannot convert 'NoneType' object to bytes
ERROR:root:Attempting to use a port that is not open
ERROR:root:cannot convert 'NoneType' object to bytes
ERROR:root:Attempting to use a port that is not open
ERROR:root:cannot convert 'NoneType' object to bytes
ERROR:root:Attempting to use a port that is not open
ERROR:root:cannot convert 'NoneType' object to bytes
ERROR:root:Attempting to use a port that is not open
ERROR:root:cannot convert 'NoneType' object to bytes
ERROR:root:Attempting to use a port that is not open
ERROR:root:cannot convert 'NoneType' object to bytes
ERROR:root:Attempting to use a port that is not open
ERROR:root:cannot convert 'NoneType' object to bytes
ERROR:root:Attempting to use a port that is not open
ERROR:root:cannot convert 'NoneType' object to bytes
ERROR:root:Attempting to use a port that is not open
ERROR:root:cannot convert 'NoneType' object to bytes
ERROR:root:Attempting to use a port that is not open
ERROR:root:cannot convert 'NoneType' object to bytes
ERROR:root:Attempting to use a port that is not open
ERROR:root:cannot convert 'NoneType' object to bytes
ERROR:root:Attempting to use a port that is not open
ERROR:root:cannot convert 'NoneType' object to bytes
ERROR:root:Attempting to use a port that is not open
ERROR:root:cannot convert 'NoneType' object to bytes
ERROR:root:Attempting to use a port that is not open
ERROR:root:cannot convert 'NoneType' object to bytes
ERROR:root:Attempting to use a port that is not open
ERROR:root:cannot convert 'NoneType' object to bytes
ERROR:root:Attempting to use a port that is not open
ERROR:root:cannot convert 'NoneType' object to bytes
ERROR:root:Attempting to use a port that is not open
ERROR:root:cannot convert 'NoneType' object to bytes
ERROR:root:Attempting to use a port that is not open
ERROR:root:cannot convert 'NoneType' object to bytes
ERROR:root:Attempting to use a port that is not open
ERROR:root:cannot convert 'NoneType' object to bytes
ERROR:root:Attempting to use a port that is not open
ERROR:root:cannot convert 'NoneType' object to bytes
ERROR:root:Attempting to use a port that is not open
ERROR:root:cannot convert 'NoneType' object to bytes
ERROR:root:Attempting to use a port that is not open
ERROR:root:cannot convert 'NoneType' object to bytes
ERROR:root:Attempting to use a port that is not open
ERROR:root:cannot convert 'NoneType' object to bytes
ERROR:root:Attempting to use a port that is not open
ERROR:root:cannot convert 'NoneType' object to bytes
ERROR:root:Attempting to use a port that is not open
ERROR:root:cannot convert 'NoneType' object to bytes
ERROR:root:Attempting to use a port that is not open
ERROR:root:cannot convert 'NoneType' object to bytes
ERROR:root:Attempting to use a port that is not open
ERROR:root:cannot convert 'NoneType' object to bytes
ERROR:root:Attempting to use a port that is not open
ERROR:root:cannot convert 'NoneType' object to bytes
ERROR:root:Attempting to use a port that is not open
ERROR:root:cannot convert 'NoneType' object to bytes
ERROR:root:Attempting to use a port that is not open
ERROR:root:cannot convert 'NoneType' object to bytes
ERROR:root:Attempting to use a port that is not open
ERROR:root:cannot convert 'NoneType' object to bytes
ERROR:root:Attempting to use a port that is not open
ERROR:root:cannot convert 'NoneType' object to bytes
ERROR:root:Attempting to use a port that is not open
ERROR:root:cannot convert 'NoneType' object to bytes
ERROR:root:Attempting to use a port that is not open
ERROR:root:cannot convert 'NoneType' object to bytes
ERROR:root:Attempting to use a port that is not open
ERROR:root:cannot convert 'NoneType' object to bytes
ERROR:root:Attempting to use a port that is not open
ERROR:root:cannot convert 'NoneType' object to bytes
ERROR:root:Attempting to use a port that is not open
ERROR:root:cannot convert 'NoneType' object to bytes
ERROR:root:Attempting to use a port that is not open
ERROR:root:cannot convert 'NoneType' object to bytes
ERROR:root:Attempting to use a port that is not open
ERROR:root:cannot convert 'NoneType' object to bytes
ERROR:root:Attempting to use a port that is not open
ERROR:root:cannot convert 'NoneType' object to bytes
ERROR:root:Attempting to use a port that is not open
ERROR:root:cannot convert 'NoneType' object to bytes
ERROR:root:Attempting to use a port that is not open
ERROR:root:cannot convert 'NoneType' object to bytes
ERROR:root:Attempting to use a port that is not open
ERROR:root:cannot convert 'NoneType' object to bytes
ERROR:root:Attempting to use a port that is not open
ERROR:root:cannot convert 'NoneType' object to bytes
ERROR:root:Attempting to use a port that is not open
ERROR:root:cannot convert 'NoneType' object to bytes
ERROR:root:Attempting to use a port that is not open
ERROR:root:cannot convert 'NoneType' object to bytes
ERROR:root:Attempting to use a port that is not open
ERROR:root:cannot convert 'NoneType' object to bytes
ERROR:root:Attempting to use a port that is not open
ERROR:root:cannot convert 'NoneType' object to bytes
ERROR:root:Attempting to use a port that is not open
ERROR:root:cannot convert 'NoneType' object to bytes
ERROR:root:Attempting to use a port that is not open
ERROR:root:cannot convert 'NoneType' object to bytes
ERROR:root:Attempting to use a port that is not open
ERROR:root:cannot convert 'NoneType' object to bytes
ERROR:root:Attempting to use a port that is not open
ERROR:root:cannot convert 'NoneType' object to bytes
ERROR:root:Attempting to use a port that is not open
ERROR:root:cannot convert 'NoneType' object to bytes
ERROR:root:Attempting to use a port that is not open
ERROR:root:cannot convert 'NoneType' object to bytes
ERROR:root:Attempting to use a port that is not open
ERROR:root:cannot convert 'NoneType' object to bytes
ERROR:root:Attempting to use a port that is not open
ERROR:root:cannot convert 'NoneType' object to bytes
ERROR:root:Attempting to use a port that is not open
ERROR:root:cannot convert 'NoneType' object to bytes
ERROR:root:Attempting to use a port that is not open
ERROR:root:cannot convert 'NoneType' object to bytes
ERROR:root:Attempting to use a port that is not open
ERROR:root:cannot convert 'NoneType' object to bytes
ERROR:root:Attempting to use a port that is not open
ERROR:root:cannot convert 'NoneType' object to bytes
ERROR:root:Attempting to use a port that is not open
ERROR:root:cannot convert 'NoneType' object to bytes
ERROR:root:Attempting to use a port that is not open
ERROR:root:cannot convert 'NoneType' object to bytes
ERROR:root:Attempting to use a port that is not open
ERROR:root:cannot convert 'NoneType' object to bytes
ERROR:root:Attempting to use a port that is not open
ERROR:root:cannot convert 'NoneType' object to bytes
ERROR:root:Attempting to use a port that is not open
ERROR:root:cannot convert 'NoneType' object to bytes
ERROR:root:Attempting to use a port that is not open
ERROR:root:cannot convert 'NoneType' object to bytes
ERROR:root:Attempting to use a port that is not open
ERROR:root:cannot convert 'NoneType' object to bytes
ERROR:root:Attempting to use a port that is not open
ERROR:root:cannot convert 'NoneType' object to bytes
ERROR:root:Attempting to use a port that is not open
ERROR:root:cannot convert 'NoneType' object to bytes
ERROR:root:Attempting to use a port that is not open
ERROR:root:cannot convert 'NoneType' object to bytes
ERROR:root:Attempting to use a port that is not open
ERROR:root:cannot convert 'NoneType' object to bytes
ERROR:root:Attempting to use a port that is not open
ERROR:root:cannot convert 'NoneType' object to bytes
ERROR:root:Attempting to use a port that is not open
ERROR:root:cannot convert 'NoneType' object to bytes
ERROR:root:Attempting to use a port that is not open
ERROR:root:cannot convert 'NoneType' object to bytes
ERROR:root:Attempting to use a port that is not open
ERROR:root:cannot convert 'NoneType' object to bytes
ERROR:root:Attempting to use a port that is not open
ERROR:root:cannot convert 'NoneType' object to bytes
ERROR:root:Attempting to use a port that is not open
ERROR:root:cannot convert 'NoneType' object to bytes
ERROR:root:Attempting to use a port that is not open
ERROR:root:cannot convert 'NoneType' object to bytes
ERROR:root:Attempting to use a port that is not open
ERROR:root:cannot convert 'NoneType' object to bytes
ERROR:root:Attempting to use a port that is not open
ERROR:root:cannot convert 'NoneType' object to bytes
ERROR:root:Attempting to use a port that is not open
ERROR:root:cannot convert 'NoneType' object to bytes
ERROR:root:Attempting to use a port that is not open
ERROR:root:cannot convert 'NoneType' object to bytes
ERROR:root:Attempting to use a port that is not open
ERROR:root:cannot convert 'NoneType' object to bytes
ERROR:root:Attempting to use a port that is not open
ERROR:root:cannot convert 'NoneType' object to bytes
ERROR:root:Attempting to use a port that is not open
ERROR:root:cannot convert 'NoneType' object to bytes
ERROR:root:Attempting to use a port that is not open
ERROR:root:cannot convert 'NoneType' object to bytes
ERROR:root:Attempting to use a port that is not open
ERROR:root:cannot convert 'NoneType' object to bytes
ERROR:root:Attempting to use a port that is not open
ERROR:root:cannot convert 'NoneType' object to bytes
ERROR:root:Attempting to use a port that is not open
ERROR:root:cannot convert 'NoneType' object to bytes
ERROR:root:Attempting to use a port that is not open
ERROR:root:cannot convert 'NoneType' object to bytes
ERROR:root:Attempting to use a port that is not open
ERROR:root:cannot convert 'NoneType' object to bytes
ERROR:root:Attempting to use a port that is not open
ERROR:root:cannot convert 'NoneType' object to bytes
ERROR:root:Attempting to use a port that is not open
ERROR:root:cannot convert 'NoneType' object to bytes
ERROR:root:Attempting to use a port that is not open
ERROR:root:cannot convert 'NoneType' object to bytes
ERROR:root:Attempting to use a port that is not open
ERROR:root:cannot convert 'NoneType' object to bytes
ERROR:root:Attempting to use a port that is not open
ERROR:root:cannot convert 'NoneType' object to bytes
ERROR:root:Attempting to use a port that is not open
ERROR:root:cannot convert 'NoneType' object to bytes
ERROR:root:Attempting to use a port that is not open
ERROR:root:cannot convert 'NoneType' object to bytes
ERROR:root:Attempting to use a port that is not open
ERROR:root:cannot convert 'NoneType' object to bytes
ERROR:root:Attempting to use a port that is not open
ERROR:root:cannot convert 'NoneType' object to bytes
ERROR:root:Attempting to use a port that is not open
ERROR:root:cannot convert 'NoneType' object to bytes
ERROR:root:Attempting to use a port that is not open
ERROR:root:cannot convert 'NoneType' object to bytes
ERROR:root:Attempting to use a port that is not open
ERROR:root:cannot convert 'NoneType' object to bytes
ERROR:root:Attempting to use a port that is not open
ERROR:root:cannot convert 'NoneType' object to bytes
ERROR:root:Attempting to use a port that is not open
ERROR:root:cannot convert 'NoneType' object to bytes
ERROR:root:Attempting to use a port that is not open
ERROR:root:cannot convert 'NoneType' object to bytes
ERROR:root:Attempting to use a port that is not open
ERROR:root:cannot convert 'NoneType' object to bytes
ERROR:root:Attempting to use a port that is not open
ERROR:root:cannot convert 'NoneType' object to bytes
ERROR:root:Attempting to use a port that is not open
ERROR:root:cannot convert 'NoneType' object to bytes
ERROR:root:Attempting to use a port that is not open
ERROR:root:cannot convert 'NoneType' object to bytes
ERROR:root:Attempting to use a port that is not open
ERROR:root:cannot convert 'NoneType' object to bytes
ERROR:root:Attempting to use a port that is not open
ERROR:root:cannot convert 'NoneType' object to bytes
ERROR:root:Attempting to use a port that is not open
ERROR:root:cannot convert 'NoneType' object to bytes
ERROR:root:Attempting to use a port that is not open
ERROR:root:cannot convert 'NoneType' object to bytes
ERROR:root:Attempting to use a port that is not open
ERROR:root:cannot convert 'NoneType' object to bytes
ERROR:root:Attempting to use a port that is not open
ERROR:root:cannot convert 'NoneType' object to bytes
ERROR:root:Attempting to use a port that is not open
ERROR:root:cannot convert 'NoneType' object to bytes
ERROR:root:Attempting to use a port that is not open
ERROR:root:cannot convert 'NoneType' object to bytes
ERROR:root:Attempting to use a port that is not open
ERROR:root:cannot convert 'NoneType' object to bytes
ERROR:root:Attempting to use a port that is not open
ERROR:root:cannot convert 'NoneType' object to bytes
ERROR:root:Attempting to use a port that is not open
ERROR:root:cannot convert 'NoneType' object to bytes
ERROR:root:Attempting to use a port that is not open
ERROR:root:cannot convert 'NoneType' object to bytes
ERROR:root:Attempting to use a port that is not open
ERROR:root:cannot convert 'NoneType' object to bytes
ERROR:root:Attempting to use a port that is not open
ERROR:root:cannot convert 'NoneType' object to bytes
ERROR:root:Attempting to use a port that is not open
ERROR:root:cannot convert 'NoneType' object to bytes
ERROR:root:Attempting to use a port that is not open
ERROR:root:cannot convert 'NoneType' object to bytes
ERROR:root:Attempting to use a port that is not open
ERROR:root:cannot convert 'NoneType' object to bytes
ERROR:root:Attempting to use a port that is not open
ERROR:root:cannot convert 'NoneType' object to bytes
ERROR:root:Attempting to use a port that is not open
ERROR:root:cannot convert 'NoneType' object to bytes
ERROR:root:Attempting to use a port that is not open
ERROR:root:cannot convert 'NoneType' object to bytes
ERROR:root:Attempting to use a port that is not open
ERROR:root:cannot convert 'NoneType' object to bytes
ERROR:root:Attempting to use a port that is not open
ERROR:root:cannot convert 'NoneType' object to bytes
ERROR:root:Attempting to use a port that is not open
ERROR:root:cannot convert 'NoneType' object to bytes
ERROR:root:Attempting to use a port that is not open
ERROR:root:cannot convert 'NoneType' object to bytes
ERROR:root:Attempting to use a port that is not open
ERROR:root:cannot convert 'NoneType' object to bytes
ERROR:root:Attempting to use a port that is not open
ERROR:root:cannot convert 'NoneType' object to bytes
ERROR:root:Attempting to use a port that is not open
ERROR:root:cannot convert 'NoneType' object to bytes
ERROR:root:Attempting to use a port that is not open
ERROR:root:cannot convert 'NoneType' object to bytes
ERROR:root:Attempting to use a port that is not open
ERROR:root:cannot convert 'NoneType' object to bytes
ERROR:root:Attempting to use a port that is not open
ERROR:root:cannot convert 'NoneType' object to bytes
ERROR:root:Attempting to use a port that is not open
ERROR:root:cannot convert 'NoneType' object to bytes
ERROR:root:Attempting to use a port that is not open
ERROR:root:cannot convert 'NoneType' object to bytes
ERROR:root:Attempting to use a port that is not open
ERROR:root:cannot convert 'NoneType' object to bytes
ERROR:root:Attempting to use a port that is not open
ERROR:root:cannot convert 'NoneType' object to bytes
ERROR:root:Attempting to use a port that is not open
ERROR:root:cannot convert 'NoneType' object to bytes
ERROR:root:Attempting to use a port that is not open
ERROR:root:cannot convert 'NoneType' object to bytes
ERROR:root:Attempting to use a port that is not open
ERROR:root:cannot convert 'NoneType' object to bytes
ERROR:root:Attempting to use a port that is not open
ERROR:root:cannot convert 'NoneType' object to bytes
ERROR:root:Attempting to use a port that is not open
ERROR:root:cannot convert 'NoneType' object to bytes
ERROR:root:Attempting to use a port that is not open
ERROR:root:cannot convert 'NoneType' object to bytes
ERROR:root:Attempting to use a port that is not open
ERROR:root:cannot convert 'NoneType' object to bytes
ERROR:root:Attempting to use a port that is not open
ERROR:root:cannot convert 'NoneType' object to bytes
ERROR:root:Attempting to use a port that is not open
ERROR:root:cannot convert 'NoneType' object to bytes
ERROR:root:Attempting to use a port that is not open
ERROR:root:cannot convert 'NoneType' object to bytes
ERROR:root:Attempting to use a port that is not open
ERROR:root:cannot convert 'NoneType' object to bytes
ERROR:root:Attempting to use a port that is not open
ERROR:root:cannot convert 'NoneType' object to bytes
ERROR:root:Attempting to use a port that is not open
ERROR:root:cannot convert 'NoneType' object to bytes
ERROR:root:Attempting to use a port that is not open
ERROR:root:cannot convert 'NoneType' object to bytes
ERROR:root:Attempting to use a port that is not open
ERROR:root:cannot convert 'NoneType' object to bytes
ERROR:root:Attempting to use a port that is not open
ERROR:root:cannot convert 'NoneType' object to bytes
ERROR:root:Attempting to use a port that is not open
ERROR:root:cannot convert 'NoneType' object to bytes
ERROR:root:Attempting to use a port that is not open
ERROR:root:cannot convert 'NoneType' object to bytes
ERROR:root:Attempting to use a port that is not open
ERROR:root:cannot convert 'NoneType' object to bytes
ERROR:root:Attempting to use a port that is not open
ERROR:root:cannot convert 'NoneType' object to bytes
ERROR:root:Attempting to use a port that is not open
ERROR:root:cannot convert 'NoneType' object to bytes
ERROR:root:Attempting to use a port that is not open
ERROR:root:cannot convert 'NoneType' object to bytes
ERROR:root:Attempting to use a port that is not open
ERROR:root:cannot convert 'NoneType' object to bytes
ERROR:root:Attempting to use a port that is not open
ERROR:root:cannot convert 'NoneType' object to bytes
ERROR:root:Attempting to use a port that is not open
ERROR:root:cannot convert 'NoneType' object to bytes
ERROR:root:Attempting to use a port that is not open
ERROR:root:cannot convert 'NoneType' object to bytes
ERROR:root:Attempting to use a port that is not open
ERROR:root:cannot convert 'NoneType' object to bytes
ERROR:root:Attempting to use a port that is not open
ERROR:root:cannot convert 'NoneType' object to bytes
ERROR:root:Attempting to use a port that is not open
ERROR:root:cannot convert 'NoneType' object to bytes
ERROR:root:Attempting to use a port that is not open
ERROR:root:cannot convert 'NoneType' object to bytes
ERROR:root:Attempting to use a port that is not open
ERROR:root:cannot convert 'NoneType' object to bytes
ERROR:root:Attempting to use a port that is not open
ERROR:root:cannot convert 'NoneType' object to bytes
ERROR:root:Attempting to use a port that is not open
ERROR:root:cannot convert 'NoneType' object to bytes
ERROR:root:Attempting to use a port that is not open
ERROR:root:cannot convert 'NoneType' object to bytes
ERROR:root:Attempting to use a port that is not open
ERROR:root:cannot convert 'NoneType' object to bytes
ERROR:root:Attempting to use a port that is not open
ERROR:root:cannot convert 'NoneType' object to bytes
ERROR:root:Attempting to use a port that is not open
ERROR:root:cannot convert 'NoneType' object to bytes
ERROR:root:Attempting to use a port that is not open
ERROR:root:cannot convert 'NoneType' object to bytes
ERROR:root:Attempting to use a port that is not open
ERROR:root:cannot convert 'NoneType' object to bytes
ERROR:root:Attempting to use a port that is not open
ERROR:root:cannot convert 'NoneType' object to bytes
ERROR:root:Attempting to use a port that is not open
ERROR:root:cannot convert 'NoneType' object to bytes
ERROR:root:Attempting to use a port that is not open
ERROR:root:cannot convert 'NoneType' object to bytes
ERROR:root:Attempting to use a port that is not open
ERROR:root:cannot convert 'NoneType' object to bytes
ERROR:root:Attempting to use a port that is not open
ERROR:root:cannot convert 'NoneType' object to bytes
ERROR:root:Attempting to use a port that is not open
ERROR:root:cannot convert 'NoneType' object to bytes
ERROR:root:Attempting to use a port that is not open
ERROR:root:cannot convert 'NoneType' object to bytes
ERROR:root:Attempting to use a port that is not open
ERROR:root:cannot convert 'NoneType' object to bytes
ERROR:root:Attempting to use a port that is not open
ERROR:root:cannot convert 'NoneType' object to bytes
ERROR:root:Attempting to use a port that is not open
ERROR:root:cannot convert 'NoneType' object to bytes
ERROR:root:Attempting to use a port that is not open
ERROR:root:cannot convert 'NoneType' object to bytes
ERROR:root:Attempting to use a port that is not open
ERROR:root:cannot convert 'NoneType' object to bytes
ERROR:root:Attempting to use a port that is not open
ERROR:root:cannot convert 'NoneType' object to bytes
ERROR:root:Attempting to use a port that is not open
ERROR:root:cannot convert 'NoneType' object to bytes
ERROR:root:Attempting to use a port that is not open
ERROR:root:cannot convert 'NoneType' object to bytes
ERROR:root:Attempting to use a port that is not open
ERROR:root:cannot convert 'NoneType' object to bytes
ERROR:root:Attempting to use a port that is not open
ERROR:root:cannot convert 'NoneType' object to bytes
ERROR:root:Attempting to use a port that is not open
ERROR:root:cannot convert 'NoneType' object to bytes
ERROR:root:Attempting to use a port that is not open
ERROR:root:cannot convert 'NoneType' object to bytes
ERROR:root:Attempting to use a port that is not open
ERROR:root:cannot convert 'NoneType' object to bytes
ERROR:root:Attempting to use a port that is not open
ERROR:root:cannot convert 'NoneType' object to bytes
ERROR:root:Attempting to use a port that is not open
ERROR:root:cannot convert 'NoneType' object to bytes
ERROR:root:Attempting to use a port that is not open
ERROR:root:cannot convert 'NoneType' object to bytes
ERROR:root:Attempting to use a port that is not open
ERROR:root:cannot convert 'NoneType' object to bytes
ERROR:root:Attempting to use a port that is not open
ERROR:root:cannot convert 'NoneType' object to bytes
ERROR:root:Attempting to use a port that is not open
ERROR:root:cannot convert 'NoneType' object to bytes
ERROR:root:Attempting to use a port that is not open
ERROR:root:cannot convert 'NoneType' object to bytes
ERROR:root:Attempting to use a port that is not open
ERROR:root:cannot convert 'NoneType' object to bytes
ERROR:root:Attempting to use a port that is not open
ERROR:root:cannot convert 'NoneType' object to bytes
ERROR:root:Attempting to use a port that is not open
ERROR:root:cannot convert 'NoneType' object to bytes
ERROR:root:Attempting to use a port that is not open
ERROR:root:cannot convert 'NoneType' object to bytes
ERROR:root:Attempting to use a port that is not open
ERROR:root:cannot convert 'NoneType' object to bytes
ERROR:root:Attempting to use a port that is not open
ERROR:root:cannot convert 'NoneType' object to bytes
ERROR:root:Attempting to use a port that is not open
ERROR:root:cannot convert 'NoneType' object to bytes
ERROR:root:Attempting to use a port that is not open
ERROR:root:cannot convert 'NoneType' object to bytes
ERROR:root:Attempting to use a port that is not open
ERROR:root:cannot convert 'NoneType' object to bytes
ERROR:root:Attempting to use a port that is not open
ERROR:root:cannot convert 'NoneType' object to bytes
ERROR:root:Attempting to use a port that is not open
ERROR:root:cannot convert 'NoneType' object to bytes
ERROR:root:Attempting to use a port that is not open
ERROR:root:cannot convert 'NoneType' object to bytes
ERROR:root:Attempting to use a port that is not open
ERROR:root:cannot convert 'NoneType' object to bytes
ERROR:root:Attempting to use a port that is not open
ERROR:root:cannot convert 'NoneType' object to bytes
ERROR:root:Attempting to use a port that is not open
ERROR:root:cannot convert 'NoneType' object to bytes
ERROR:root:Attempting to use a port that is not open
ERROR:root:cannot convert 'NoneType' object to bytes
ERROR:root:Attempting to use a port that is not open
ERROR:root:cannot convert 'NoneType' object to bytes
ERROR:root:Attempting to use a port that is not open
ERROR:root:cannot convert 'NoneType' object to bytes
ERROR:root:Attempting to use a port that is not open
ERROR:root:cannot convert 'NoneType' object to bytes
ERROR:root:Attempting to use a port that is not open
ERROR:root:cannot convert 'NoneType' object to bytes
ERROR:root:Attempting to use a port that is not open
ERROR:root:cannot convert 'NoneType' object to bytes
ERROR:root:Attempting to use a port that is not open
ERROR:root:cannot convert 'NoneType' object to bytes
ERROR:root:Attempting to use a port that is not open
ERROR:root:cannot convert 'NoneType' object to bytes
ERROR:root:Attempting to use a port that is not open
ERROR:root:cannot convert 'NoneType' object to bytes
ERROR:root:Attempting to use a port that is not open
ERROR:root:cannot convert 'NoneType' object to bytes
ERROR:root:Attempting to use a port that is not open
ERROR:root:cannot convert 'NoneType' object to bytes
ERROR:root:Attempting to use a port that is not open
ERROR:root:cannot convert 'NoneType' object to bytes
ERROR:root:Attempting to use a port that is not open
ERROR:root:cannot convert 'NoneType' object to bytes
ERROR:root:Attempting to use a port that is not open
ERROR:root:cannot convert 'NoneType' object to bytes
ERROR:root:Attempting to use a port that is not open
ERROR:root:cannot convert 'NoneType' object to bytes
ERROR:root:Attempting to use a port that is not open
ERROR:root:cannot convert 'NoneType' object to bytes
ERROR:root:Attempting to use a port that is not open
ERROR:root:cannot convert 'NoneType' object to bytes
ERROR:root:Attempting to use a port that is not open
ERROR:root:cannot convert 'NoneType' object to bytes
ERROR:root:Attempting to use a port that is not open
ERROR:root:cannot convert 'NoneType' object to bytes
ERROR:root:Attempting to use a port that is not open
ERROR:root:cannot convert 'NoneType' object to bytes
ERROR:root:Attempting to use a port that is not open
ERROR:root:cannot convert 'NoneType' object to bytes
ERROR:root:Attempting to use a port that is not open
ERROR:root:cannot convert 'NoneType' object to bytes
ERROR:root:Attempting to use a port that is not open
ERROR:root:cannot convert 'NoneType' object to bytes
ERROR:root:Attempting to use a port that is not open
ERROR:root:cannot convert 'NoneType' object to bytes
ERROR:root:Attempting to use a port that is not open
ERROR:root:cannot convert 'NoneType' object to bytes
ERROR:root:Attempting to use a port that is not open
ERROR:root:cannot convert 'NoneType' object to bytes
ERROR:root:Attempting to use a port that is not open
ERROR:root:cannot convert 'NoneType' object to bytes
ERROR:root:Attempting to use a port that is not open
ERROR:root:cannot convert 'NoneType' object to bytes
ERROR:root:Attempting to use a port that is not open
ERROR:root:cannot convert 'NoneType' object to bytes
ERROR:root:Attempting to use a port that is not open
ERROR:root:cannot convert 'NoneType' object to bytes
ERROR:root:Attempting to use a port that is not open
ERROR:root:cannot convert 'NoneType' object to bytes
ERROR:root:Attempting to use a port that is not open
ERROR:root:cannot convert 'NoneType' object to bytes
ERROR:root:Attempting to use a port that is not open
ERROR:root:cannot convert 'NoneType' object to bytes
ERROR:root:Attempting to use a port that is not open
ERROR:root:cannot convert 'NoneType' object to bytes
ERROR:root:Attempting to use a port that is not open
ERROR:root:cannot convert 'NoneType' object to bytes
ERROR:root:Attempting to use a port that is not open
ERROR:root:cannot convert 'NoneType' object to bytes
ERROR:root:Attempting to use a port that is not open
ERROR:root:cannot convert 'NoneType' object to bytes
ERROR:root:Attempting to use a port that is not open
ERROR:root:cannot convert 'NoneType' object to bytes
ERROR:root:Attempting to use a port that is not open
ERROR:root:cannot convert 'NoneType' object to bytes
ERROR:root:Attempting to use a port that is not open
ERROR:root:cannot convert 'NoneType' object to bytes
ERROR:root:Attempting to use a port that is not open
ERROR:root:cannot convert 'NoneType' object to bytes
ERROR:root:Attempting to use a port that is not open
ERROR:root:cannot convert 'NoneType' object to bytes
ERROR:root:Attempting to use a port that is not open
ERROR:root:cannot convert 'NoneType' object to bytes
ERROR:root:Attempting to use a port that is not open
ERROR:root:cannot convert 'NoneType' object to bytes
ERROR:root:Attempting to use a port that is not open
ERROR:root:cannot convert 'NoneType' object to bytes
ERROR:root:Attempting to use a port that is not open
ERROR:root:cannot convert 'NoneType' object to bytes
