:020000040000fa
:02000004007f7b
:04300000ffffffffd0
:020000040000fa
:02000004007f7b
:04301000dfffffffe0
:020000040000fa
:02000004007f7b
:04302000ffffffffb0
:020000040000fa
:02000004007f7b
:04303000ff7fffff20
:020000040000fa
:02000004007f7b
:04380000ffffffffc8
:020000040000fa
:02000004007f7b
:04381000dfffffffd8
:020000040000fa
:02000004007f7b
:04382000ffffffffa8
:020000040000fa
:02000004007f7b
:04383000ff7fffff18
:020000040000fa
:02000004007f7b
:04400000ffffffffc0
:020000040000fa
:02000004007f7b
:04400400ffffffffbc
:020000040000fa
:02000004007f7b
:04400800ffffffffb8
:020000040000fa
:02000004007f7b
:04401000ffffffffb0
:020000040000fa
:02000004007f7b
:04401400ffffffffac
:020000040000fa
:02000004007f7b
:04401800ffffffffa8
:020000040000fa
:02000004007f7b
:04402000ffffffffa0
:020000040000fa
:02000004007f7b
:04402400ffffffff9c
:020000040000fa
:02000004007f7b
:04402800ffffffff98
:020000040000fa
:02000004007f7b
:04403000ffffffff90
:020000040000fa
:02000004007f7b
:04403400ffffffff8c
:020000040000fa
:02000004007f7b
:04403800ffffffff88
:020000040000fa
:02000004007f7b
:04404000ffffffff80
:020000040000fa
:02000004007f7b
:04404400ffffffff7c
:020000040000fa
:02000004007f7b
:04404800ffffffff78
:020000040000fa
:02000004007f7b
:04405000ffffffff70
:020000040000fa
:02000004007f7b
:04405400ffffffff6c
:020000040000fa
:02000004007f7b
:04405800ffffffff68
:020000040000fa
:02000004007f7b
:04406000ffffffff60
:020000040000fa
:02000004007f7b
:04406400ffffffff5c
:020000040000fa
:02000004007f7b
:04406800ffffffff58
:020000040000fa
:02000004007f7b
:04407000ffffffff50
:020000040000fa
:02000004007f7b
:04407400ffffffff4c
:020000040000fa
:02000004007f7b
:04407800ffffffff48
:020000040000fa
:02000004007f7b
:04408000ffffffff40
:020000040000fa
:02000004007f7b
:04409000ffffffff30
:020000040000fa
:02000004007f7b
:0440a000ffffffff20
:020000040000fa
:02000004007f7b
:0440b000ffffffff10
:020000040000fa
:02000004007f7b
:0440c000ffffffff00
:020000040000fa
:02000004007f7b
:0440d000fffffffff0
:020000040000fa
:02000004007f7b
:04480000ffffffffb8
:020000040000fa
:02000004007f7b
:04480400ffffffffb4
:020000040000fa
:02000004007f7b
:04480800ffffffffb0
:020000040000fa
:02000004007f7b
:04481000ffffffffa8
:020000040000fa
:02000004007f7b
:04481400ffffffffa4
:020000040000fa
:02000004007f7b
:04481800ffffffffa0
:020000040000fa
:02000004007f7b
:04482000ffffffff98
:020000040000fa
:02000004007f7b
:04482400ffffffff94
:020000040000fa
:02000004007f7b
:04482800ffffffff90
:020000040000fa
:02000004007f7b
:04483000ffffffff88
:020000040000fa
:02000004007f7b
:04483400ffffffff84
:020000040000fa
:02000004007f7b
:04483800ffffffff80
:020000040000fa
:02000004007f7b
:04484000ffffffff78
:020000040000fa
:02000004007f7b
:04484400ffffffff74
:020000040000fa
:02000004007f7b
:04484800ffffffff70
:020000040000fa
:02000004007f7b
:04485000ffffffff68
:020000040000fa
:02000004007f7b
:04485400ffffffff64
:020000040000fa
:02000004007f7b
:04485800ffffffff60
:020000040000fa
:02000004007f7b
:04486000ffffffff58
:020000040000fa
:02000004007f7b
:04486400ffffffff54
:020000040000fa
:02000004007f7b
:04486800ffffffff50
:020000040000fa
:02000004007f7b
:04487000ffffffff48
:020000040000fa
:02000004007f7b
:04487400ffffffff44
:020000040000fa
:02000004007f7b
:04487800ffffffff40
:020000040000fa
:02000004007f7b
:04488000ffffffff38
:020000040000fa
:02000004007f7b
:04489000ffffffff28
:020000040000fa
:02000004007f7b
:0448a000ffffffff18
:020000040000fa
:02000004007f7b
:0448b000ffffffff08
:020000040000fa
:02000004007f7b
:0448c000fffffffff8
:020000040000fa
:02000004007f7b
:0448d000ffffffffe8
:020000040000fa
:0200000400807a
:04000000b4058000c3
:020000040000fa
:0200000400807a
:100004000c108000680b80003c0f80008c0d800079
:10001400d00e8000200c8000f40d80000c108000b5
:100024000c1080000c1080000c1080000c1080005c
:100034000c1080000c1080000c1080000c1080004c
:100044000c1080000c1080000c1080000c1080003c
:100054000c1080000c1080000c1080000c1080002c
:100064000c1080000c1080000c1080000c1080001c
:100074000c1080000c1080000c1080000c1080000c
:100084000c1080000c1080000c1080000c108000fc
:100094000c1080000c1080000c1080000c108000ec
:1000a4000c1080000c1080000c1080000c108000dc
:1000b4000c1080000c1080000c1080000c108000cc
:1000c4000c1080000c1080000c1080000c108000bc
:1000d4000c1080000c1080000c1080000c108000ac
:1000e400a40f80000c1080000c1080000c10800005
:1000f4000c1080000c1080000c1080000c1080008c
:100104000c1080000c1080000c1080000c1080007b
:100114000c1080000c1080000c1080000c1080006b
:100124000c1080000c1080000c1080000c1080005b
:100134000c1080000c1080000c1080000c1080004b
:100144000c1080000c1080000c1080000c1080003b
:100154000c1080000c1080000c1080000c1080002b
:100164000c1080000c1080000c1080000c1080001b
:100174000c1080000c1080002c0a80000c108000f1
:100184000c1080000c1080000c1080000c108000fb
:100194000c1080000c1080000c1080000c108000eb
:1001a4000c1080000c1080000c1080000c108000db
:1001b4000c1080000c1080000c1080000c108000cb
:1001c4000c1080000c1080000c1080000c108000bb
:1001d4000c1080000c1080000c1080000c108000ab
:1001e4000c1080000c1080000c1080000c1080009b
:1001f4000c1080000c1080000c1080000c1080008b
:100204000c1080000c1080000c1080000c1080007a
:100214000c1080000c1080000c1080000c1080006a
:100224000c1080000c1080000c1080000c1080005a
:100234000c1080000c1080000c1080000c1080004a
:100244000c1080000c1080000c1080000c1080003a
:100254000c1080000c1080000c1080000c1080002a
:100264000c1080000c1080000c1080000c1080001a
:100274000c1080000c1080000c1080000c1080000a
:100284000c1080000c1080000c1080000c108000fa
:100294000c108000f80680000c1080000c10800008
:1002a4000c1080000c1080000c1080000c108000da
:1002b4000c1080000c1080000c1080000c108000ca
:1002c4000c1080000c1080000c1080000c108000ba
:1002d4000c1080000c1080000c1080000c108000aa
:1002e4000c1080000c1080000c1080009c07800013
:1002f4000c1080000c1080000c1080000c1080008a
:100304000c1080000c1080000c1080000c10800079
:100314000c1080000c1080000c1080000c10800069
:100324000c1080000c1080000c1080000c10800059
:100334000c1080000c1080000c1080000c10800049
:100344000c108000400880000c1080000c1080000d
:100354000c1080000c1080000c1080000c10800029
:100364000c1080000c1080000c1080000c10800019
:100374000c1080000c1080000c1080000c10800009
:100384000c1080000c1080000c1080000c108000f9
:100394000c108000e40880000c1080000c10800019
:1003a4000c1080000c1080000c1080000c108000d9
:1003b4000c1080000c1080000c1080000c108000c9
:1003c4000c1080000c1080000c1080000c108000b9
:1003d4000c1080000c1080000c1080000c108000a9
:1003e4000c108000880980000c1080000c10800024
:1003f4000c1080000c1080000c1080000c10800089
:100404000c1080000c1080000c1080000c10800078
:100414000c1080000c1080000c1080000c10800068
:100424000c1080000c1080000c1080000c10800058
:100434000c1080000c1080000c1080000c10800048
:100444000c1080000c1080000c1080000c10800038
:100454000c1080000c1080000c1080000c10800028
:100464000c1080000c1080000c1080000c10800018
:100474000c1080000c1080000c1080000c10800008
:100484000c1080000c1080000c1080000c108000f8
:100494000c1080000c1080000c1080000c108000e8
:1004a4000c1080000c1080000c1080000c108000d8
:1004b4000c1080000c1080000c1080000c108000c8
:1004c4000c1080000c1080000c1080000c108000b8
:1004d4000c1080000c1080000c1080000c108000a8
:1004e4000c1080000c1080000c1080000c10800098
:1004f4000c1080000c1080000c1080000c10800088
:100504000c1080000c1080000c1080000c10800077
:100514000c1080000c1080000c1080000c10800067
:100524000c1080000c1080000c1080000c10800057
:100534000c1080000c1080000c1080000c10800047
:100544000c1080000c1080000c1080000c10800037
:100554000c1080000c1080000c1080000c10800027
:100564000c1080000c1080000c1080000c10800017
:100574000c1080000c1080000c1080000c10800007
:100584000c1080000c1080000c1080000c108000f7
:100594000c1080000c1080000c1080000c108000e7
:1005a4000c1080000c1080000c1080000c108000d7
:020000040000fa
:0200000400807a
:1005b400c13608800500f08001ff13800500e0804b
:1005c4000100008085000080007600004e0000a637
:1005d400010000808500008021e801c225e801c2f5
:1005e40000010001910800940100008005000080d2
:1005f40000290000260000aac10800c225e801c0a5
:1006040021e801c05900009700010000f2cf2f90ab
:10061400e24f00d4003800006e0000a641f80880c4
:10062400850000804a0000ae0100008005000080c3
:10063400003900004a0000a601001088820200d49c
:10064400420200d4624e00d4010000800500008004
:10065400003900002a0000a6020000de010000802c
:1006640005008080083900008a0000a6010000808f
:10067400050090809577009651770096220101df5e
:10068400224e00d402720000030000fa017200003e
:10069400900300008a0200aea16100000060b983eb
:1006a4000060c9833e00c0c54e0000a60e000ad6f5
:1006b400aa0100ae0e00c0c58e0000a61b76000085
:1006c40002000bd80d0ca088ea0000ae1e00c0c5c5
:1006d4000a0000a61b76000002000bd8086ca98350
:1006e40039740000c60399ed0260a9e54efdffa62a
:1006f40001720000810000bf02262226f01ff11fb4
:10070400f21ff31ff41ff51ff61ff71f0026102614
:100714002026302640265026602670261e720000b1
:10072400832000840024e1835127049000390000d1
:10073400aa0000a65927049000200e83000210028c
:10074400090000880e0002d69127049000390000a9
:100754008a0000a69927049000201e8309000088bf
:100764000e0002d6350a00c100010372702e602efd
:10077400502e402e302e202e102e002e7f1d6f1d49
:100784005f1d4f1d3f1d2f1d1f1d0f1d222e022eed
:10079400810000bd00720000810000bf02262226f5
:1007a400f01ff11ff21ff31ff41ff51ff61ff71fb1
:1007b4000026102620263026402650266026702645
:1007c4001e720000832800840024e1831128049011
:1007d40000390000aa0000a61928049000200e8306
:1007e40000021002090000880e0002d6512804906d
:1007f400003900008a0000a65928049000201e83b6
:10080400090000880e0002d66d0a00c000010372c0
:10081400702e602e502e402e302e202e102e002ea4
:100824007f1d6f1d5f1d4f1d3f1d2f1d1f1d0f1da4
:10083400222e022e810000bd00720000810000bf44
:1008440002262226f01ff11ff21ff31ff41ff51fcb
:10085400f61ff71f00261026202630264026502695
:10086400602670261e720000832d00840024e1831c
:10087400d128049000390000aa0000a6d9280490c9
:1008840000200e8300021002090000880e0002d628
:1008940011290490003900008a0000a61929049047
:1008a40000201e83090000880e0002d6950a00c0ad
:1008b40000010372702e602e502e402e302e202efa
:1008c400102e002e7f1d6f1d5f1d4f1d3f1d2f1d00
:1008d4001f1d0f1d222e022e810000bd007200007c
:1008e400810000bf02262226f01ff11ff21ff31f12
:1008f400f41ff51ff61ff71f0026102620263026aa
:1009040040265026602670261e72000003320084a2
:100914000024e1839129049000390000aa0000a674
:100924009929049000200e83000210020900008817
:100934000e0002d6d1290490003900008a0000a6d6
:10094400d929049000201e83090000880e0002d6d5
:10095400b50a00c100010372702e602e502e402e85
:10096400302e202e102e002e7f1d6f1d5f1d4f1d5b
:100974003f1d2f1d1f1d0f1d222e022e810000bda5
:1009840000720000810000bf02262226f01ff11f22
:10099400f21ff31ff41ff51ff61ff71f0026102682
:1009a4002026302640265026602670261e7200001f
:1009b400833600840024e183512a04900039000026
:1009c400aa0000a6592a049000200e8300021002f7
:1009d400090000880e0002d6912a04900039000014
:1009e4008a0000a6992a049000201e83090000882a
:1009f4000e0002d6e50a00c000010372702e602ebc
:100a0400502e402e302e202e102e002e7f1d6f1db6
:100a14005f1d4f1d3f1d2f1d1f1d0f1d222e022e5a
:100a2400810000bd00720000810000bf0226222662
:100a3400f01ff11ff21ff31ff41ff51ff61ff71f1e
:100a440000261026202630264026502660267026b2
:100a54000e720000a90900c117620080002000ff87
:100a6400000020a21a0000e91e0000c52e0300a603
:100a7400f30c02800900108800040183030d028036
:100a84000900108800040183c30c02800900108847
:100a940000040183d30c0280090010880004018340
:100aa400b30c02800900108800040183a30c0280a7
:100ab4002900108800040183598801c0912c0490f6
:100ac400003900006a0300a6912c04900e0000d6a1
:100ad4000a0300ae13620080002000ff000070a231
:100ae400080000821e0000c52e0200a64d8801c128
:100af400f30c02800900108800040183030d0280b6
:100b04000900108800040183c30c028009001088c6
:100b140000040183d30c02800900108800040183bf
:100b2400b30c028009001088000401832a0000ae7f
:100b3400625101d400010372702e602e502e402e9b
:100b4400302e202e102e002e7f1d6f1d5f1d4f1d79
:100b54003f1d2f1d1f1d0f1d222e022e810000bdc3
:100b640000720000810000bf02262226f01ff11f40
:100b7400f21ff31ff41ff51ff61ff71f00261026a0
:100b84002026302640265026602670260e7200004d
:100b9400e3010080002000ff000030a21a0000e9f9
:100ba4001e0000c56e0000a68d0700c00f00008067
:100bb400a27c04d4810700981a0000e91e0000c535
:100bc4006e0000a6810700c007000080c27b04d429
:100bd400e3010080002000ff000020a21a0000e9c9
:100be4001e0000c56e0000a6890700c00100008831
:100bf400a27a04d4e3010080002000ff002a000050
:100c04001a0000e91e0000c56e0000a6850700c09a
:100c14000b000080827904d4eaffffae810000bf9c
:100c240002262226f01ff11ff21ff31ff41ff51fe7
:100c3400f61ff71f002610262026302640265026b1
:100c4400602670260e720000fb010080002000ff69
:100c5400000050a21a0000e91e0000c56e0000a6a4
:100c6400e50700c143000080e27604d4f30100806c
:100c7400002000ff002a00001a0000e91e0000c541
:100c84006e0000a6c50700c027000080c27504d40a
:100c9400f3010080002000ff000040a21a0000e9d8
:100ca4001e0000c56e0000a6c10700c1330000800d
:100cb400a27404d4c10700981a0000e91e0000c5fc
:100cc4006e0000a6c10700c023000080c27304d4d4
:100cd400f3010080002000ff000020a21a0000e9b8
:100ce4001e0000c56e0000a6c90700c02b000080ce
:100cf400a27204d4fb010080002000ff000030a297
:100d04001a0000e91e0000c56e0000a6ed0700c031
:100d14003b000080827104d4fb010080002000ffae
:100d2400000040a21a0000e91e0000c56e0000a6e3
:100d3400e10700c13f000080627004d4f301008029
:100d4400002000ff000050a21a0000e91e0000c5a8
:100d54006e0000a6c50700c137000080426f04d4ae
:100d6400f3010080002000ff000030a21a0000e917
:100d74001e0000c56e0000a6cd0700c02f00008035
:100d8400226e04d4eaffffae810000bf02262226b1
:100d9400f01ff11ff21ff31ff41ff51ff61ff71fbb
:100da400002610262026302640265026602670264f
:100db4000e7200000d0700c01b000080426c04d4ba
:100dc40000010372702e602e502e402e302e202ee5
:100dd400102e002e7f1d6f1d5f1d4f1d3f1d2f1deb
:100de4001f1d0f1d222e022e810000bd0072000067
:100df400810000bf02262226f01ff11ff21ff31ffd
:100e0400f41ff51ff61ff71f002610262026302694
:100e140040265026602670260e72000003020080d1
:100e2400002000ff000020a21a0000e91e0000c5f7
:100e34006e0000a6090800c04f000080426804d478
:100e4400010800981a0000e91e0000c56e0000a603
:100e5400010800c047000080626704d40f020080cc
:100e6400002000ff000070a2080000821e0000c5e0
:100e74006e0000a63d0800c157000080426604d4fd
:100e840003020080002000ff000030a21a0000e9e5
:100e94001e0000c56e0000a60d0800c053000080af
:100ea400226504d403020080002000ff002a000011
:100eb4001a0000e91e0000c56e0000a6050800c067
:100ec4004b000080026404d4eaffffae810000bf3f
:100ed40002262226f01ff11ff21ff31ff41ff51f35
:100ee400f61ff71f002610262026302640265026ff
:100ef400602670260e720000426304d4010700c10c
:100f04001f000080026204d400010372702e602e60
:100f1400502e402e302e202e102e002e7f1d6f1da1
:100f24005f1d4f1d3f1d2f1d1f1d0f1d222e022e45
:100f3400810000bd00720000810000bf022622264d
:100f4400f01ff11ff21ff31ff41ff51ff61ff71f09
:100f5400002610262026302640265026602670269d
:100f64000e720000090700c017000080c25e04d49e
:100f740000010372702e602e502e402e302e202e33
:100f8400102e002e7f1d6f1d5f1d4f1d3f1d2f1d39
:100f94001f1d0f1d222e022e810000bd00720000b5
:100fa400810000bf02262226f01ff11ff21ff31f4b
:100fb400f41ff51ff61ff71f0026102620263026e3
:100fc40040265026602670260e720000112e0490d2
:100fd4000e0000d6610900c000010372702e602e5d
:100fe400502e402e302e202e102e002e7f1d6f1dd1
:100ff4005f1d4f1d3f1d2f1d1f1d0f1d222e022e75
:10100400810000bd00720000000002f2030000fa3b
:10101400020000ccf81ffa1ffc1f00000100008032
:101024000500a0802a200a39aa0000a60100008039
:10103400050080800060c8830e000cd6a1ffafb805
:10104400cf1daf1d8f1d0172f81ffa1ffc1f00007a
:10105400010000800500a0802a200a390affffa6ab
:0c10640001000080050080804afeffae05
:020000040000fa
:0200000400807a
:101070002e72e209f30900008b0430fcfa0023e928
:101080000e0013e90e0010c58a0200a64e0020c50e
:10109000aa0700a68e0020c5ce0800a6f100208475
:1010a00001013084d1000084e1001084e20df30dd1
:1010b00042045304d30110fd0a01008b11390000d2
:1010c000ea0f00a6620700ba070000840a40008bfe
:1010d000020700b808000182037201720a0233e9b4
:1010e0000e0030c5aa0600a62e0020c5ca1000a614
:1010f0002e0020c5a20200ae4e0020c54a0c00a65c
:101100008e0020c56efeffa6f30040fd030150fdda
:10111000d30020fde30030fdd30100fd10390000b5
:10112000ca1600a6423d533f4efdffa807000084ab
:1011300003000080e60df70d8004f6e5c004f7e734
:101140000ba011f608000182037201721e0020c577
:101150000efcffa6cb0340fc4b0330fc8bff5ffc77
:10116000d30100fd10390000ca1500a6080043bdd8
:101170000efbffa803000080080035bd0ba012f68f
:101180000800018203720172f1001084d100008412
:10119000e1ff2f84d30110fd8a00008a113900007d
:1011a000ea0c00a6620000ba070000840a20008a48
:1011b00002f9ffb603000080037201722e0020c501
:1011c0008a0800a62e0020c5820200ae4e0020c56f
:1011d0000a0400a68e0020c5cef7ffa6f30060fd2e
:1011e000030170fdd30040fde30050fdd30100fd7d
:1011f000103900002a0f00a6643d753fa2f6ffae2d
:1012000007000084e60df70d0005f6e54005f7e759
:101210004b2013f608000182037201721e0020c5e4
:101220008ef5ffa6cb0350fc4b0340fc8bff6ffcfd
:10123000d30100fd10390000ca0800a6080054bd03
:1012400082f4ffae080046bd8b2013f60800018231
:1012500003720172f30040fdd30020fde50d000094
:10126000d30100fd10390000ca0a00a6423d00006b
:1012700002f3ffae07000084253d00004b2013f66b
:101280000800018203720172f30030fdd30020fddb
:10129000e40d0000d30100fd103900006a0600a62d
:1012a000323d00006ef1ffa80700008403000080bb
:1012b000243d00000ba011f60800018203720172a8
:1012c00082f7ffb60a40008b42f7ffb408000182a4
:1012d00003720172e30140fca30120fcc3ff5ffc29
:1012e000d30100fd103900000a0600a6423c0000b0
:1012f00002efffae07000084253c00004b2013f6f0
:101300000800018203720172e30130fca30120fc9a
:10131000c3ff4ffcd30100fd103900006a0300a693
:10132000323c00006eedffa807000084030000803f
:10133000243c00000ba011f6080001820372017228
:1013400082f3ffb60a20008a42f3ffb4080001824c
:1013500003720172080054bdc2ebffaa080046bd2b
:10136000cbc010f60800018203720172323d00000a
:1013700006ebffa80800108203000080243d000057
:101380000b8011f60800018203720172323c0000ea
:1013900006eaffa80800108203000080243c000039
:1013a0000b8011f60800018203720172423c0000ba
:1013b00002e9ffaa253c0000cbc010f6080001821c
:1013c00003720172423d000042e8ffaa253d000081
:1013d000cbc010f60800018203720172643d753fb4
:1013e00082e7ffaae60df70d0005f6e54005f7e7f1
:1013f000cbc010f60800018203720172423d533fd8
:1014000086e6ffa80800108203000080e40df50db9
:101410008004f4e5c004f5e70b8011f608000182b2
:1014200003720172080043bd46e5ffa80800108260
:1014300003000080080035bd0b8011f60800018212
:10144000037201722003000000203082133c000070
:101450008a0100a6033800002a0100a60100308896
:10146000120033e0237e32242061000000204282fb
:10147000413c00006a0000a6043800000effffa6f1
:10148000020000cd01380000aaffffa6130002fdf4
:1014900001720000f1e70f8f420060e1420250e16b
:1014a000090030880300009c89004088631f000009
:1014b000080c5383a1ff4fb8b70001fd061044f597
:1014c000d70004fde70005fdf70004fd070105fd59
:1014d000170103fd8f0407fd370103fd470103fddd
:1014e000570103fd670103fdcf0507fd870103fddc
:1014f000970103fd8f0607fdb70103fd127e000073
:10150000c70101fd19003088d70103fdc70001fda7
:10151000c70302fc152f0490b70010fd01720000f4
:10152000f81ff91ffa1ffb1ffc1ffd1f800300009f
:10153000330100fd60390000760100ae5039000033
:10154000021300aa203900006a1700a640390000e3
:101550002a1600a6103900008a0300a6df1dcf1d41
:10156000bf1daf1d9f1d8f1d017270392a1c00a663
:10157000803900002effffa6c30208fc860118e197
:10158000120410e0b30218fc013c000066feffaa42
:1015900001000088c70280fc460108e1002000ff2e
:1015a000930198fd09610000970180fd003900005a
:1015b0004afdffa829000088370180fddf1dcf1def
:1015c000bf1daf1d9f1d8f1d01720000c30208fccf
:1015d000860118e1120410e0b30218fc013c00007f
:1015e000a60700aa01000088c70280fc460108e1a6
:1015f000002000ff430128fd02610000c30318fc26
:10160000013d0000620000ae09000088470180fd36
:10161000090020880300009c060138e1677f000074
:1016200003000080120056e125245861420266e161
:10163000107f0000402015e1b30048fd120432e1a4
:1016400000209383470189fd08201182881c418373
:101650001a0000e088e11882080010bda20100ae67
:10166000430128fd107f0000402015e1b30048fd34
:10167000120432e100209383470189fd0820118282
:10168000881c41831a0000e088e11882080010bd20
:1016900066feffae1a0077e05b0508fc080007bd98
:1016a000e20000ae430128fd677f000003000080d8
:1016b000120056e125245861420266e18afbffae22
:1016c000430118fdb30108fd103d0000460000aacb
:1016d000070000808f0680fd130118fd8b0428fc95
:1016e000fa0002e92e0000c52a1a00a62e0000c545
:1016f000e20400ae4e0000c50a1a00a68e0000c526
:101700004e0000a60060a1830040b1832a033b0382
:1017100008030000c2caffd40e0000c5ca0200a61a
:101720008b0698fc0e0090c56a0200a6830108fd96
:1017300000390000aa1900a8430108fd0039000083
:101740004a1800a6c30218fc013800006e1800a653
:10175000460118e1002011ff01650000970180fd9e
:1017600079000088370180fddf1dcf1dbf1daf1d33
:101770009f1d8f1d01720000f7008afd07018bfd80
:10178000df1dcf1dbf1daf1d9f1d8f1d01720000ee
:101790001e0000c5aefbffa60020a1ff1210aaf597
:1017a0004afbffae130118fd8b0498fcfa0009e90f
:1017b0002e0000c56a1300a62e0000c5220200ae4e
:1017c0004e0000c5ea1300a68e0000c54e0000a61c
:1017d0000060c1830040d1832c033d030803000057
:1017e00062c4ffd40e0000c54a1000a6490000885c
:1017f000370180fddf1dcf1dbf1daf1d9f1d8f1d3c
:10180000017200001e0000c56efeffa60020c1ff91
:101810001210ccf50afeffaea60108e1122400e08a
:10182000860108e1122400e0df1dcf1dbf1daf1da2
:101830009f1d8f1d01720000c30208fc860118e184
:10184000120410e0b30218fc013c0000660400aa78
:1018500001000088c70280fc0300009c060138e1fb
:10186000677f000003000080120056e125245861c4
:10187000420266e1107f0000402015e1b30048fd00
:10188000430128fd120432e100209383470189fdc2
:1018900008201182881c41831a0000e088e1188228
:1018a000080001bd66feffaa1a0077e05b0508fc90
:1018b000080070bd46fdffaa460108e1002000ffb8
:1018c000430118fd01610000c30318fc013d000045
:1018d000420000ae09002088370182fda60108e120
:1018e000122400e0df1dcf1dbf1daf1d9f1d8f1dea
:1018f00001720000c30208fc860118e1120410e026
:10190000b30218fc013c000086e2ffaa0100008837
:10191000c70280fc430128fd460108e1002000ffca
:1019200002610000c30338fc09001088033d000079
:1019300043c022f70300009c060138e1677f0000e6
:1019400003000080120056e125245861420266e13e
:10195000107f0000402015e1b30048fd120432e181
:1019600000209383470189fd08201182881c418350
:101970001a0000e088e11882080001bda20100aa57
:10198000430128fd107f0000402015e1b30048fd11
:10199000120432e100209383470189fd082011825f
:1019a000881c41831a0000e088e11882080001bd0c
:1019b00066feffaa1a0077e0430128fd5b0508fcdc
:1019c000080070bda6fbffaa930108fd000022e5f8
:1019d000830108fd203d0000860100ae090020883b
:1019e000370182fddf1dcf1dbf1daf1d9f1d8f1d48
:1019f00001720000f7008cfd07018dfddf1dcf1d7a
:101a0000bf1daf1d9f1d8f1d01720000c30118fd7a
:101a10002161023d26daffaa09002088370182fdf4
:101a20000afeffae0020c1fe1210ccf54aedffae5b
:101a30000020a1fe1210aaf58ae6ffae1230a1f531
:101a40004ae6ffae1230c1f56aecffae460108e18e
:101a5000002000ffc30128fd800000e5970180fd04
:101a600079000088370180fdeae7ffae970180fd2d
:101a700009000088470180fd89000088370180fd4a
:101a8000df1dcf1dbf1daf1d9f1d8f1d01720000eb
:101a9000cb0420fc080412835b0520fc1f0012fd10
:101aa0006b0520fc2f0012fd7b0520fc3f0012fd82
:101ab0000b0520fc4f0012fd1b0520fc5f0012fdf2
:101ac0002b0520fc6f0012fd3b0520fc7f0012fd62
:101ad000cb0220fc8f0012fddb0220fc9f0012fdd8
:101ae000eb0220fcaf0012fdfb0220fcbf0012fd48
:101af0000b0620fccf0012fd1b0620fcdf0012fdb0
:101b00002b0620fcef0012fd3b0620fcff0012fd1f
:101b10004b0620fc0f0112fd5b0620fc1f0112fd8d
:101b20006b0620fc2f0112fd7b0620fc3f0112fdfd
:101b30000b0720fc4f0112fd1b0720fc5f0112fd6b
:101b40002b0720fc6f0112fd3b0720fc7f0112fddb
:101b50000b0320fc8f0112fd1b0320fc9f0112fdd3
:101b60002b0320fcaf0112fd3b0300fcbf0110fd65
:101b70000bfeff83cf0110fdd20100cc8202ffe1fa
:101b8000f81ff91ffa1ffb1ffc1ffd1ffe1f80031c
:101b9000910300000800a2823e0020c5220f00ae83
:101ba0001b0011fc1a0001e47e0000c5a60e00ae69
:101bb00009002088370182fd5f0582fdd70282fc83
:101bc000470182fd320009e1002000ff000080a4ef
:101bd000220019e1002011ff01600000b70280fc23
:101be000c70280fc061000f5f70080fd070181fdab
:101bf0004f0580fd0b000080cf0580fd03000080b5
:101c00008f0680fd970182fd1b0029fc0e0020c578
:101c10006a2900a6130000b40800e0824601c8e16a
:101c20000d7f000008e009821a00bde01e0000c51b
:101c30006a0600a60e0000c51a0b00a62e0000c5fd
:101c4000ea0c00a63e0000c5ce0900a6bb7f00003e
:101c5000c00209e1320010e1002011ff400081a420
:101c600020740000002000ff10600000112f04907d
:101c700000200083003900004a0800a622beffd4dd
:101c800000390000ea0700a63e7f0000120013e1c1
:101c90002124186100241083c00209e14b0010fccc
:101ca000c00008e14f0201fd48200ce14f0580fd16
:101cb000cb0538fcc80011e1cf0581fdc30328fc2a
:101cc000307f02039f720000030003ea21650000d9
:101cd000c70182fd6a00bde01a00eee01b0009fcae
:101ce00008000ebdc20c00ae0800db820d7f0000b4
:101cf00008e009821a00bde01e0000c5aef9ffa68b
:101d0000bb7f0000c00209e1320010e1002011ff9a
:101d1000400081a420740000002000ff106000003b
:101d2000192f04900020028300390000aa0200a6a7
:101d30006209000062b8ffd4620d00392a0200a6d1
:101d400000205082130042fd240300000020148272
:101d5000513c0000ca0600a6013800002a0100a676
:101d600001003088120033e0820123f62461000074
:101d700000201282513c0000aa0500a60138000094
:101d80000effffa607000080ef1ddf1dcf1dbf1d4a
:101d9000af1d9f1d8f1d00008202ffe50172bb7ffa
:101da0003e7f0000120023e122242861c00219e1d5
:101db000120001e1002000ff80240000220041e128
:101dc000002044ff04250461002041ff04613174b8
:101dd000002011ff81250000400420e1caf5ffae7c
:101de000bb7f0000c00209e1320010e1002011ffba
:101df000400081a420740000002000ff106000005b
:101e0000112f04900020008300390000aafbffa6d8
:101e100082b1ffd4003900004afbffa63e7f0000dc
:101e2000120013e121241861000410834af3ffae6d
:101e3000013800006afaffa63e7f0000c00249e1b7
:101e4000120014e1002011ff400081a4002044ff93
:101e500014600000530022fd630900000e0002d64a
:101e6000630d0000120013e12124186100041083a7
:101e7000003900000ef1ffa6070000804af8ffae0f
:101e80000b7f00007a001de08a00dde008e0c982d7
:101e90008f048cfd48e009821e0000c5aa1900a627
:101ea0000e0000c5aa1f00a62e0000c56a1d00a6d0
:101eb0003e0000c56ef6ffa60d7f0961320010e1fd
:101ec000002011ff400081a420740000002000ffca
:101ed00010600000112f04900020008300390000e2
:101ee0000af5ffa6e2aaffd400390000aaf4ffa673
:101ef00000200083170180fd6a004be0fa000ce926
:101f00002e0000c58a2000a62e0000c5621000ae7b
:101f10004e0000c52a1e00a68e0000c52ef3ffa6a7
:101f2000547f0000400119e11b00d1fc6d7f0000cf
:101f3000121066f526033703832400008b0082e02d
:101f4000720983092b0061fc267f0000121022f524
:101f5000032500008b0002e1760d870d626173633b
:101f600048e12982227f0000121022f5626173632a
:101f7000760987093b0071fc277f0000121022f5cb
:101f8000832500008b0082e1760d870d626173630b
:101f9000460957094b0071fc277f0000121022f5fb
:101fa000880003a409002088460d570d6261736301
:101fb000760987095b0071fc277f0000121022f56b
:101fc000880083a409002088760d870d6261736301
:101fd000460957096b0071fc277f0000121022f59b
:101fe00073036203880107a509006088420d530d41
:101ff000626173637b0021fc227f0000121022f5d6
:10200000880083a50900208826613763d70082fdf8
:10201000e70083fd0e00c0c5ca1500a88b0408fcac
:10202000504200008f0480fdaa00bbe01b7f1961b5
:10203000120001e1002000ff80240000002021ffa9
:1020400002610000220021e1002022ff022502613e
:1020500031740000002011ff81250161870180fd9e
:10206000c29903d4b70180fd4a000be0096100006a
:10207000002000ffd70180fd5a000be00800a0bd42
:10208000820600ae007f000008e009821e0000c545
:102090006a0100a61b0079fc5f0587fd002009ff8f
:1020a000370180fd03000080ef1ddf1dcf1dbf1d28
:1020b000af1d9f1d8f1d00008202ffe50172000011
:1020c000130118fd8b0438fcfa0003e92e0000c54b
:1020d000ca1800a62e0000c5021500ae4e0000c5ad
:1020e0008a1700a68e0000c56e0000a600606183fe
:1020f0000040718306091709060d170df70086fdcc
:10210000070187fd1b0079fc5f0587fd002009ffa3
:10211000370180fd030000806afcffae1e0000c591
:102120000ee3ffa6147f000048e02982227f000012
:10213000121022f5d70082fde70083fdaaf6ffae5c
:102140001b0000b459001088490000880800b082c4
:10215000cae9ffae130118fd8b0478fcfa0007e909
:102160002e0000c58a1200a62e0000c5020200ae95
:102170004e0000c54a1100a68e0000c56e0000a6e4
:10218000006061830040718326093709260d370df1
:10219000f70086fd070187fd1b0079fc5f0587fdc1
:1021a000002009ff370180fd03000080caf7ffae61
:1021b0001e0000c5aefeffa6002061ff121066f5ee
:1021c00026093709260d370df70086fd070187fd23
:1021d0002afeffaedd7f0000400309e1320010e17e
:1021e000002011ff400081a420740000002000ffa7
:1021f00010600000112f049300200c8300390000b0
:102200000adcffa6e291ffd400390000aadbffa69a
:102210000020408213003cfd2303000000201382b5
:10222000143c0000ca0800a601380000aadaffa684
:1022300001005088120055e0820125f6236100005c
:1022400000201282413c0000aa0700a601380000cd
:102250000effffa6070000806ad9ffae0d7f09615f
:10226000320010e1002011ff400081a42074000022
:10227000002000ff10600000112f04900020008358
:1022800000390000ead7ffa6c28dffd40039000054
:102290008ad7ffa6170180fdeae2ffae0d7f096134
:1022a000120010e1002011ff81240000220020e133
:1022b000002022ff02251261002020ff12613074ed
:1022c000002000ff80250000460028e1000421e1f5
:1022d0002ae1ffae0801b0e18aeaffae147f19617e
:1022e000120021e1002022ff82240000220031e1bf
:1022f000002033ff03252361002031ff2361317467
:10230000002011ff81252161121022f5d70082fde6
:10231000e70083fdeae7ffae147f1961120021e1b7
:10232000002022ff82240000002011ff2161000014
:102330008800f3a1d70082fde70083fdaae6ffae87
:1023400001380000ead1ffa6d961000012001de1aa
:10235000002011ff400081a400203dff1360000019
:10236000530022fd0e0002d6170180fd0039000047
:102370008ad0ffa68b04c8fceadbffae1e0000c5b6
:10238000aeebffa6002061ff121066f506091709e3
:10239000060d170df70086fd070187fd2aebffae3e
:1023a000123061f526093709260d370df70086fd35
:1023b000070187fd0aefffae002061fe121066f5ef
:1023c00026093709260d370df70086fd070187fd21
:1023d0002aeeffae123061f506091709060d170d3a
:1023e000f70086fd070187fdcae8ffae002061fe09
:1023f000121066f506091709060d170df70086fd80
:10240000070187fdeae7ffae020000cd0e72000073
:10241000090000885180019489020088918001940c
:1024200009000088d1800194f9830088118101940a
:10243000090000889181019419020088118001949b
:1024400000010372017200000e720000c20100d48c
:1024500009000088118001940900008851800194ce
:10246000890200889180019409000088d18001943c
:10247000090000881181019409000088918101946c
:1024800000010372017200000e7200001d8001c184
:1024900000010372017200002e7200004f00e0fd87
:1024a000030000800804e08307600080002000ff34
:1024b000000070a2080000820e0000c56e0100a698
:1024c00042000ee1002000ff136d028630240161fe
:1024d0000020008311810194190200881180019469
:1024e0001d8001c3070000800804e08308200e82dd
:1024f000037201721e7200000804e08300010000f4
:1025000023600080002000ff002a00001a0000e97c
:102510001e0000c54affffa600200effd1800194d7
:102520000001000023600080002000ff000050a296
:102530001a0000e91e0000c54affffa6d1800190e5
:1025400008000082037201726e72400a510a000094
:10255000010000880004e082010000881700e0fc10
:102560000001000023600080002000ff002a00001e
:102570001a0000e91e0000c54affffa607600080a0
:10258000002000ff000030a21a0000e91e0000c574
:10259000ce0700a6410e110a500e2022500a00005c
:1025a000ea0300ae23600080002000ff002a000044
:1025b0001a0000e91e0000c50a0100a600200e82d4
:1025c000007e202442001ee1002001e10020008363
:1025d000d180019400200e821204e0e0236000808c
:1025e000002000ff000050a21a0000e90e0000c504
:1025f0006e0100a613000efc007e202442001ee1a6
:10260000002001e1d58001900004018313001efc2d
:1026100022000ee1120401e0002010821700e1fc0c
:1026200000200e82007e510e103d0000a6fbffae82
:102630002a0200ae23600080002000ff000050a2ac
:102640001a0000e90e0000c56e0100a613000efc82
:10265000007e202442001ee1002001e1d58001908f
:102660000004018313001efc22000ee1120401e0ad
:10267000002010821700e1fc13000efc007e510eba
:10268000103d000066fdffae0a1100ae076000803d
:10269000002000ff000020a21a0000e91e0000c573
:1026a0008e0800a6410e210a500e1022500a00008a
:1026b0006a0400ae23600080002000ff002a0000b2
:1026c0001a0000e91e0000c54a0100a600200e8283
:1026d000007e00611003000082000ee1402000e156
:1026e00000200082007e0000d180019400200e8234
:1026f0001204e0e023600080002000ff000050a2f0
:102700001a0000e90e0000c5ae0100a6d9800190b4
:1027100013000efc007e00611003000082000ee139
:10272000402000e1120200000004018213001efca0
:1027300022000ee1120401e0002010821700e1fceb
:1027400000200e82007e510e103d000026fbffaee1
:102750006a0200ae23600080002000ff000050a24b
:102760001a0000e90e0000c5ae0100a6d980019054
:1027700013000efc007e00611003000082000ee1d9
:10278000402000e1120200000004018213001efc40
:1027900022000ee1120401e0002010821700e1fc8b
:1027a00013000efc007e510e103d000026fdffae12
:1027b000ca0700ae410e310a2a0400ae2360008031
:1027c000002000ff002a00001a0000e91e0000c5da
:1027d0002a0100a600200e82007e0000c2001ee139
:1027e000002001e108200082007f0000d1800194d8
:1027f00000200e821204e0e023600080002000ff31
:10280000000050a21a0000e90e0000c58e0100a6cb
:10281000d980019013000efc007e0000c2001ee172
:10282000002001e1080012820804018313001efc4d
:1028300022000ee1120401e0002010821700e1fcea
:1028400000200e82007e510e103d000066fbffaea0
:102850004a0200ae23600080002000ff000050a26a
:102860001a0000e90e0000c58e0100a6d980019073
:1028700013000efc007e0000c2001ee1002001e1fa
:10288000080012820804018313001efc22000ee1de
:10289000120401e0002010821700e1fc13000efc7e
:1028a000007e510e103d000046fdffae0001037298
:1028b000017200006e72400a510a00000100008897
:1028c0000004e082010000881700e0fc0001000025
:1028d00023600080002000ff002a00001a0000e9a9
:1028e0001e0000c54affffa607600080002000ff11
:1028f000000030a21a0000e91e0000c58e0600a6e6
:10290000410e110a500e2022500a00004a0300ae68
:1029100023600080002000ff002a00001a0000e968
:102920001e0000c50a0100a600200e82007e2024a1
:1029300042001ee1002001e100200083d1800194cb
:1029400000200e821204e0e023600080002000ffdf
:10295000000050a21a0000e90e0000c5ce0000a63b
:10296000d180019013001efc22000ee1120401e050
:10297000002010821700e1fc00200e82007e510e24
:10298000103d000046fcffae8a0100ae23600080cf
:10299000002000ff000050a21a0000e90e0000c550
:1029a000ce0000a6d180019013001efc22000ee193
:1029b000120401e0002010821700e1fc13000efc5d
:1029c000007e510e103d000006feffaeca0d00aea7
:1029d00007600080002000ff000020a21a0000e92c
:1029e0001e0000c5ce0600a6410e210a500e102280
:1029f000500a00008a0300ae23600080002000ff20
:102a0000002a00001a0000e91e0000c54a0100a6c5
:102a100000200e82007e00611003000082000ee1a3
:102a2000402000e100200082007e0000d18001945f
:102a300000200e821204e0e023600080002000ffee
:102a4000000050a21a0000e90e0000c5ce0000a64a
:102a5000d180019013001efc22000ee1120401e05f
:102a6000002010821700e1fc00200e82007e510e33
:102a7000103d000006fcffae8a0100ae236000801e
:102a8000002000ff000050a21a0000e90e0000c55f
:102a9000ce0000a6d180019013001efc22000ee1a2
:102aa000120401e0002010821700e1fc13000efc6c
:102ab000007e510e103d000006feffae4a0600ae3d
:102ac000410e310a6a0300ae23600080002000ff3f
:102ad000002a00001a0000e91e0000c52a0100a615
:102ae00000200e82007e0000c2001ee1002001e1f5
:102af00008200082007f0000d180019400200e8217
:102b00001204e0e023600080002000ff000050a2db
:102b10001a0000e90e0000c5ce0000a6d180019089
:102b200013001efc22000ee1120401e000201082be
:102b30001700e1fc00200e82007e510e103d0000c7
:102b400026fcffae8a0100ae23600080002000ff5b
:102b5000000050a21a0000e90e0000c5ce0000a639
:102b6000d180019013001efc22000ee1120401e04e
:102b7000002010821700e1fc13000efc007e510eb5
:102b8000103d000006feffae00010372017200005e
:102b90009e72700a810a0000010000880004e08231
:102ba000010000881700e0fc0001000023600080a5
:102bb000002000ff002a00001a0000e91e0000c5e6
:102bc0004affffa607600080002000ff000030a23f
:102bd0001a0000e91e0000c56e0700a6710e110a5a
:102be00009000088200a800e2022800a6a0300aeb5
:102bf00023600080002000ff002a00001a0000e986
:102c00001e0000c58a0000a6210e0000d580019498
:102c100000200e821204e0e023600080002000ff0c
:102c2000000050a21a0000e90e0000c56e0100a6c7
:102c300013000efc007e202442001ee1002001e172
:102c4000d58001900004018313001efc22000ee1d8
:102c5000120401e0002010821700e1fc00200e8227
:102c6000007e810e103d000026fcffae2a0200ae61
:102c700023600080002000ff000050a21a0000e93d
:102c80000e0000c56e0100a613000efc007e20247d
:102c900042001ee1002001e1d58001900004018383
:102ca00013001efc22000ee1120401e0002010823d
:102cb0001700e1fc13000efc007e810e103d0000a9
:102cc00066fdffae6a1000ae07600080002000ffc6
:102cd000000020a21a0000e91e0000c52e0800a670
:102ce000710e310a010000888700e0fc800e10227e
:102cf000800a0000ca0300ae23600080002000ffad
:102d0000002a00001a0000e91e0000c5aa0000a663
:102d100083000efc007e0000d180019400200e8212
:102d20001204e0e023600080002000ff000050a2b9
:102d30001a0000e90e0000c5ae0100a6d98001907e
:102d400013000efc007e006110030000c2000ee1c3
:102d5000402000e1120200000004018213001efc6a
:102d600022000ee1120401e0002010821700e1fcb5
:102d700000200e82007e810e103d0000c6fbffaedb
:102d80006a0200ae23600080002000ff000050a215
:102d90001a0000e90e0000c5ae0100a6d98001901e
:102da00013000efc007e006110030000c2000ee163
:102db000402000e1120200000004018213001efc0a
:102dc00022000ee1120401e0002010821700e1fc55
:102dd00013000efc007e810e103d000026fdffaeac
:102de0008a0700ae710e510a030000808f01e0fdda
:102df000aa0300ae23600080002000ff002a00002c
:102e00001a0000e91e0000c5aa0000a682010ee11a
:102e1000002000ffd180019400200e821204e0e027
:102e200023600080002000ff000050a21a0000e98b
:102e30000e0000c58e0100a6d980019013000efc83
:102e4000007e000042011ee1002001e10800128224
:102e50000804018313001efc22000ee1120401e0ad
:102e6000002010821700e1fc00200e82007e810eff
:102e7000103d0000e6fbffae4a0200ae236000807a
:102e8000002000ff000050a21a0000e90e0000c55b
:102e90008e0100a6d980019013000efc007e000078
:102ea00042011ee1002001e10800128208040183b2
:102eb00013001efc22000ee1120401e0002010822b
:102ec0001700e1fc13000efc007e810e103d000097
:102ed00046fdffae00010372017200001e72000089
:102ee0000804e0830001000023600080002000ff50
:102ef000002a00001a0000e91e0000c54affffa6d4
:102f000000200effd18001940001037201720000c5
:102f10000e72000123600080002000ff000050a21c
:102f20001a0000e91e0000c54affffa6d1800190eb
:102f300008000082037201720e720000236000809c
:102f4000002000ff000050a21a0000e900440372b4
:102f5000017200000e72000023600080002000ff5c
:102f6000002a00001a0000e9004403720172000008
:102f70000e72000001000980050000801188019494
:102f80000900008851880194090000889188019403
:102f900009000088d18801943180028005e000801a
:102fa000518a0194d9a3008811890194d9a300887a
:102fb000118a019493d00082222200d4b30c0280a3
:102fc0000900108800040183a30c02800900108806
:102fd00000040183825000d40001037201720000da
:102fe0000e7200001d8801c1a90900c1a90c00c111
:102ff000090008881188019409000088518801940b
:10300000090000889188019409000088d188019402
:1030100009000088518a01940900008811890194ef
:1030200009000088118a01940001037201720000f6
:103030004e7200002700e0fc210a320a07000080df
:103040000804e083b30c02800020008300390000f4
:103050004e0300a6200e00390a0300a6300e0039e8
:10306000ca0200a623000efcf63f00c4660200aeb2
:103070000700008423000efc821d00d4f30c0280a4
:1030800082001ee100240183c30c0280c2001ee105
:1030900000240183030d02800900108800040183cd
:1030a000d30c02800900108800040183e22100d4bf
:1030b000422400d4a90900c34a0000ae03000080e6
:1030c0000804e08308200e82037201724e72000031
:1030d0002700e0fc210a320a070000800804e08390
:1030e000b30c028000200083003900006e0300a6ac
:1030f000200e00392a0300a6300e0039ea0200a68d
:1031000023000efcf63f00c4860200ae03000084dc
:1031100023000efca21800d4030d028082001ee1e1
:1031200000240183d30c0280c2001ee1002401832d
:10313000f30c02800900108800040183c30c028094
:103140000900108800040183021d00d4221e00d44f
:10315000421f00d4a90900c34a0000ae030000804a
:103160000804e08308200e82037201726e72000070
:103170002700e0fc210a320a430a540a07000080b3
:103180000804e083b30c02800020008300390000b3
:10319000ae0300a6200e00396a0300a6300e0039e7
:1031a0002a0300a6400e0039ea0200a6500e00399c
:1031b000aa0200a623000efcf63f00c4460200aea1
:1031c0000700008423000efc021300d4f30c0280dd
:1031d00082001ee100240183c30c0280c2001ee1b4
:1031e00000240183030d028002011ee100240183fb
:1031f000d30c028042011ee100240183621700d437
:10320000a90900c34a0000ae030000800804e0835f
:1032100008200e82037201728e72600a710a000029
:10322000030000800804e083700e00394a0000a605
:10323000700e00004a0000ae01404b80c5200080a7
:10324000100a600e00201083f169188005000080cc
:10325000103d0000420800ae600e00000020108308
:103260000124f48005000080103d0000860700aeb8
:10327000600e00394a0700a6600e0000002000839f
:10328000121000f5200431040e20008e21000e865d
:1032900042000ee1123000f5200431040e20008eb1
:1032a00031000e8621000e84020000801600028686
:1032b0008a00028451f96b8255a001828600008049
:1032c00031001e840610028451f96b8255a00182e0
:1032d0008600008041000e8641001e846601008643
:1032e0008a00008a220000b4aa0000ae41000e84c9
:1032f0005600048e20063106000300002a0000aeae
:1033000009000088500a500e30390000820200aed9
:10331000500e0000f6ff0fc5260200ae1d8801c149
:10332000510e0000158a0194510e00001589019478
:10333000600e00000020108301a86180050000805d
:10334000103d00004e0000a6158801c22a0000ae04
:10335000158801c01d8801c3070000800804e083b0
:1033600008200e82037201721e720000a30c0280fc
:103370000024e083a30c028009001088000401836c
:1033800000200e83037201721e7200000300008091
:103390000804e08311880190f20100e9003900007f
:1033a0006a0000a6070000800804e0834a0200ae1d
:1033b000b30c028000200083003900008e0100a6bb
:1033c00013620080002000ff000030a21a0000e914
:1033d0001e0000c5ca0000a617620080002000ff82
:1033e000000060a21a0000e91e0000c54e0000a601
:1033f000070000800804e08308200e820372017237
:103400001e7200000004e083090010884024feedd5
:103410004a0000a600201e83952c0494000103722c
:10342000017200000e720001037201723e72000010
:103430002700e0fc8f00e1fd8b000efc0044000043
:103440000804e08323000efcf60700c4260200ae49
:1034500023000efc007e006108000082080010823c
:103460000140000008200e82480000eb0800108296
:10347000a30c02801f0101fda30c02808b001efc27
:10348000df0101fda30c028003000084cf0101fdd8
:103490008a0200ae23000efc000070a20800008229
:1034a0006a0000e908201e82080011ebc3030080b7
:1034b000480010eba30c02800f0101fd23000efc5d
:1034c00008001082a30c02801f0101fda30c0280e2
:1034d00007000084cf0101fda30c02808b001efcbd
:1034e000df0101fd00010372017200000e72000095
:1034f00013620080002000ff000070a2080000821c
:103500001e0000c52e0000a64d8801c100010372f7
:10351000017200000e72000013620080002000ffa4
:10352000000060a21a0000e91e0000c52e0000a6df
:10353000498801c100010372017200000e7200008f
:1035400017620080002000ff000020a21a0000e99e
:103550001e0000c52e0000a6598801c0000103729c
:10356000017200000e720000b30c02800020008384
:103570001003000099000088103d0000062200aef4
:10358000112d000000000000020001d62a0100ae4b
:103590000a0100ae6a0a00ae6a0600aeca0300aeb7
:1035a000ca1600ae0a0c00aeea1800aeea1d00ae64
:1035b0006a1e00aec30c02800020008300390000a8
:1035c0000e0100a6d30c0280002000830039000009
:1035d000aa1f00a6a30c028000200083003900006f
:1035e0002e1f00a6a30c0280cb0100fc0e0000c51c
:1035f0008a0000a6b30c02804900108800040183f1
:103600006a0000aeb30c0280290010880004018318
:10361000018801c28a1d00ae418801981a0000e9a4
:103620000e0000c54e1d00a6a30c02800b0100fc7d
:10363000007f000051890194a30c0280db0100fc93
:103640000e0000c58a0000a6b30c02803900108865
:1036500000040183ca1b00aeb30c0280590010881d
:10366000000401834a1b00ae17620080002000ffa7
:10367000000070a2080000820e0000c52e0200a605
:10368000a30c02801b0100fc007f00005189019403
:10369000a30c0280db0100fc004400000e0000c50a
:1036a0008a0000a6b30c0280590010880004018330
:1036b0007a1900aeb30c02806900108800040183ff
:1036c000fa1800ae098801c2a30c02801900108804
:1036d00000040183b30c0280990010880004018368
:1036e000fa1700aea30c02801b0100fc007f000053
:1036f00051890194a30c0280db0100fc004400000e
:103700000e0000c58a0000a6b30c02805900108884
:10371000000401835a1600aeb30c028069001088c1
:1037200000040183da1500ae17620080002000ff5c
:10373000000070a2080000820e0000c5ee0800a67e
:10374000c30c028000200083003900000a0300a699
:10375000418801981a0000e90e0000c5ce1300a6aa
:10376000f30c028000200083003900004a0100a60b
:10377000f30c02800020008308200082007f0000fc
:1037800051890194f30c028000200083120010e1a3
:10379000f30c028000040183c30c0280002000832c
:1037a000120010e5c30c0280000401834a1100ae30
:1037b000d30c02800020008300390000ea0300a639
:1037c000058801c2a30c0280cb0100fc0e0000c5dd
:1037d000aa0100a6a30c02800b0100fc08001082c5
:1037e00001420000a30c02800f0101fda30c028026
:1037f00003000084df0101fdb30c02804900108842
:10380000000401838a0e00aea30c02801b0100fca1
:103810000800108201420000a30c02801f0101fd7c
:10382000a30c028003000084df0101fdb30c0280c1
:103830002900108800040183ea0c00ae098801c247
:10384000b30c02809900108800040183a30c02804d
:103850000900108800040183ea0b00ae098801c248
:10386000a30c02801900108800040183b30c0280ad
:103870009900108800040183ea0a00ae17620080f4
:10388000002000ff000070a2080000820e0000c5aa
:10389000ae0000a60d8801c2b30c0280790010882a
:1038a00000040183da0900ae098801c2a30c02807a
:1038b0001900108800040183b30c0280990010885d
:1038c00000040183da0800ae13620080002000ffcc
:1038d000002a00001a0000e91e0000c50e0800a61c
:1038e000030d028000200083003900004a0100a679
:1038f00095890190030d0280002000830800118249
:1039000008040183030d028000200083120010e1ef
:10391000030d028000040183d30c02800020008389
:10392000120010e5d30c028000040183d30c028046
:103930000020008300390000ca0000a6058801c1ec
:10394000018801c3b30c0280890010880004018340
:103950006a0400ae058801c3018801c3b30c02806c
:103960009900108800040183aa0300ae0d8801c2eb
:10397000b30c028079001088000401831a0300aea2
:1039800013620080002000ff000040a21a0000e93e
:103990000e0000c52e0000a6098801c2912c0490db
:1039a000003900004a0000a6912c04900e0000d6b9
:1039b000b30c028009001088000401831a0100aed4
:1039c00000010000da0000ae000100009a0000ae25
:1039d000000100005a0000ae000100001a0000ae15
:1039e00000010001037201720e720000a90900c1fa
:1039f000a90c00c300010372017200000b000088d3
:103a00008f0002fd330020fd8700008c1f0023fd86
:103a1000130010fd0a0001d6330020fd1b0012fc2c
:103a20002e0010c58a0400a62e0010c5e20100aecb
:103a30004e0010c52a0500a64e0010c5060600aab5
:103a40005e0010c5ce0200a6152f049059003088e4
:103a5000370013fd030000841f0021fd0b000084cc
:103a60008f0001fd130010fd0a0001d60e0010c5e5
:103a70008a0500a61e0010c52e0100a6152f049071
:103a800019003088370013fd030000841f0021fd5a
:103a90000b0000848f0001fd130010fd0a0001d609
:103aa0008b0000841f0021fd0b0000848f0001fdae
:103ab000130010fd0a0001d6152f0490290030884c
:103ac000370013fd030000841f0021fd0b0000845c
:103ad0008f0001fd130010fd0a0001d6152f049080
:103ae00049003088370013fd030000841f0021fdca
:103af0000b0000848f0001fd130010fd0a0001d6a9
:103b0000152f049039003088370013fd030000841e
:103b10001f0021fd0b0000848f0001fd130010fd2c
:103b20000a0001d61d2f049009004088370034fd9b
:103b30001f0021fd0b0000848f0001fd130010fd0c
:103b40000a0001d6330020fd0300008c1f0023fd76
:103b5000192f0490330032fd330020fd2f0023fd88
:103b60000f0000888f0002fd130010fd0a0001d62f
:103b7000f81f8003330010fd2b0051fc400185a489
:103b80001b0001fc50600000192f0490022072e518
:103b90004a1000a609003088070300000020478271
:103ba000543c00006a0200a6043800002a0100a666
:103bb00001006088120066e0067e30240761000084
:103bc00000204082543c00004a0100a60438000056
:103bd0000effffa6030100800b0000888f0082fd0e
:103be0001f0010fd130018fd080300000e0001d691
:103bf0008f1d017204380000cafeffa6130000fded
:103c0000230042fd04390000ea0200a6230042fd21
:103c1000002054bcea0100a6230042fd0100608898
:103c20008025f4ec6a0100a6120066e0230042fd44
:103c3000820036f6436100004025f4ecaa0000a69d
:103c4000230042fd4361000001007088c025f4ecb0
:103c5000aefeffa6230042fd436100000100508834
:103c60004025f4ec6e0500a6130032fd0339000078
:103c70004a0800a600206082130042fd0900308837
:103c8000002064bcea0100a6130042fd0100508838
:103c90004025f4ec6a0100a645020000120044e051
:103ca000130052fd820134f6c0e05582563c0000fc
:103cb0008a0000a6130052fdc0e0558205380000be
:103cc000cefeffa6130042fdc0e04482043800008f
:103cd0004a0700a6130042fd8b0078fc3a0027e457
:103ce00031743461430033fd0e0003d60e0000c56d
:103cf0002e0300a60b0000848f0081fd330018fd09
:103d00001f0010fd130018fd080300000e0001d66f
:103d10008f1d0172230042fd8b0078fc3a0027e4de
:103d200031743461130033fd0e0003d60e0000c55c
:103d3000eaf5ffa60b0000808f0080fd330008fd30
:103d40000b0100841f0001fd130018fd0803000093
:103d50000e0001d68f1d01720b0000808f0080fdc8
:103d6000330008fd530000841f0001fd130018fdff
:103d7000080300000e0001d68f1d01720b000080a9
:103d80008f0080fd130100801f0010fd130018fd3f
:103d9000080300000e0001d68f1d01720f01008084
:103da0000b0000888f0082fd1f0010fd130018fd1e
:103db000080300000e0001d6aaf1ffae0b00008040
:103dc0008f0080fd070100801f0010fd130018fd0b
:103dd000080300000e0001d68f1d017210030000c1
:103de000330020fd9b0030fcde0230c5e21100ae46
:103df000bb0000808f0010fd030000801f0020fd2d
:103e0000330021fd1700008c2f0023fd330021fd1e
:103e10003f0020fd112f0490230130fc330021fdd1
:103e20004f0023fd230120fc330031fd800082a2de
:103e30005f0032fd330021fd9b0031fc6f0023fd4c
:103e4000330021fd0301008c7f0023fd330021fda1
:103e50000b02008c8f0023fd330021fd0701008c35
:103e60009f0023fd330021fdd701008caf0023fd0f
:103e7000330021fd9f01008cbf0023fd330031fd85
:103e8000c7000088cf0032fd330031fde300009011
:103e9000df0034fd330041fdcb00008cef0043fd1b
:103ea000330041fdc3000094ff0045fd330041fd98
:103eb0000f0143fd330031fddb0000901f0134fd95
:103ec000330031fd2f0132fd330031fd3f0132fd62
:103ed000330031fd4f0132fd330021fdcf00008c56
:103ee0005f0123fda30020fd02390000aa0a00a6fd
:103ef000a30020fd330031fd082042826f0134fd14
:103f0000330031fd1b0042fc7f0134fd330031fde5
:103f10002b0042fc8f0134fd330031fd4b0042fc8d
:103f20009f0134fd330031fd5b0042fcaf0134fde5
:103f3000330031fd7b0042fcbf0134fd330031fd15
:103f40008b0042fccf0134fd330031fd9b0042fc6d
:103f5000df0134fd330031fdab0042fcef0134fde5
:103f6000330031fdcb0042fcff0134fd330031fd55
:103f7000db0042fc0f0234fd330031fdfb0042fc4c
:103f80001f0234fd330031fd0b0122fc2f0232fdf4
:103f9000330030fd330021fd3f0223fd830030fc60
:103fa000330021fd4f0223fd830020fc330031fd4f
:103fb000800082a25f0232fd530030fd330021fdfc
:103fc0006f0223fd530020fd330031fd82220000eb
:103fd0007f0232fd530020fd330031fd022300003b
:103fe0008f0232fd530020fd330031fd822300009b
:103ff0009f0232fd330021fdaf0220fd330021fd81
:10400000080083a2bf0223fd330021fd080003a3a3
:10401000cf0223fd330021fd80230000df0220fdbd
:10402000130021fd010300000a0002d60b00008ce2
:104030008f0003fd5700008c1f0023fd130010fdaf
:104040000a0001d629022088b7000090d900008814
:10405000330031fd881c34831276000081ff0fb8d5
:10406000112f0490330030fd330021fd3f0223fd6a
:10407000830030fc330021fd4f0223fd830020fc30
:10408000330031fd800082a25f0232fd530030fd1b
:10409000330021fd6f0223fd530020fd330031fd6d
:1040a000822200007f0232fd530020fd330031fdeb
:1040b000022300008f0232fd530020fd330031fd4a
:1040c000822300009f0232fd330021fdaf0220fd5c
:1040d000330021fd080083a2bf0223fd330021fd30
:1040e000080003a3cf0223fd330021fd802300003d
:1040f000df0220fd130021fd010300000a0002d6ab
:10410000f81f8003330060fd220016e1002051fffc
:10411000400185a41b0006fc50600000112f049193
:10412000022074e54a0900a6070300000020278248
:10413000523c00006a0200a6023800002a0100a6d4
:1041400001003088120033e0037e30240761000054
:1041500000202082523c00004a0100a602380000e4
:104160000effffa6030100800b0000848f0081fd7d
:104170001f0060fd130018fd080300000e0001d6ab
:104180008f1d017202380000cafeffa6130024fd35
:1041900002390000ca0600a6130000fd002070824c
:1041a000130034fd09002088002073bcea0100a63a
:1041b000130034fd010050884025f3ec6a0100a68d
:1041c00035020000120033e0130054fd820123f693
:1041d00080e05582573c00008a0000a6130054fd81
:1041e00080e0558205380000cefeffa6130034fda6
:1041f00080e0338203380000aa0100a6130034fdda
:1042000023610000330022fd0e0002d62a0000e0e8
:104210008f0080fd330008fd030000841f0001fdb6
:10422000130018fd080300000e0001d68f1d017257
:104230000b0000808f0080fd070100801f0060fde3
:10424000130018fd080300000e0001d68f1d017237
:104250000f0100800b0000848f0081fd1f0060fdb6
:10426000130018fd080300000e0001d68af8ffae07
:104270000b0000808f0080fd130100801f0060fd97
:10428000130018fd080300000e0001d68f1d0172f7
:104290000b00008c8f0003fd330030fd1f0031fd4b
:1042a000130010fd0a0001d623080190240300002a
:1042b000f3e7008eb9011088231f0000c1ff1fb86b
:1042c000470004fd01720000430000fd73f7008603
:1042d0000004018313ed0086170001fd63e80086ea
:1042e000270001fdc3ed0086270101fd03040186bf
:1042f000170101fd0172000019001088970001fdef
:1043000009001088870001fd01720000f81ff91fe5
:10431000fa1ffb1ffc1ffd1ffe1f80033900b08822
:104320004900a0889202e0e1c200d0e18200c0e131
:10433000930098fd19390000ee0300a6530008fd14
:10434000330010fd0e0001d60e0000c56a3400a631
:10435000830008fd203900000a1300a6e20a00ae1f
:10436000403900002a0d00a6460f00aa503900006f
:104370008e0e00a68b0218fc5e0510c56a0800a60a
:104380002e0010c52a0800a6530008fd0020208337
:104390000e0002d6530008fd530010fd0e0001d69a
:1043a00009000088970080fd770080fd930098fd4c
:1043b000193900002afcffa63900b0889202a8e152
:1043c00009390000ae0400a6530008fd230010fdcb
:1043d0000e0001d60e0000c50a0400a6530008fd19
:1043e000130010fd0e0001d6730018fd21390000e6
:1043f000ea1500a6221100ae413900002a1a00a6d3
:10440000861700aa51390000ce1600a68b0218fcb0
:104410005e0510c50a0f00a62e0010c5ca0e00a624
:10442000080001bd0e0f00a6330008fd0820008221
:10443000ae0100c5462a00ae007f0000430018fd13
:104440002024016100201083080300000e0001d623
:10445000930098fd093900006afbffa6112f049014
:10446000b30010fd013900008a0000a6b30010fd62
:10447000330111fd413900002a1a00a6ef1ddf1d8e
:10448000cf1dbf1daf1d9f1d8f1d0172080011f9ab
:104490008f0281fd530008fd002020830e0002d60c
:1044a000530008fd530010fd0e0001d609000088de
:1044b000970080fd770080fd8af7ffae003900008d
:1044c0002a0300a610390000ce0300a68b0218fcb8
:1044d0008b0028fc480002e18f0280fd530008fd9c
:1044e000002020838b0018fc0e0002d68b0008fcf5
:1044f0005e0500c5aa1300a62e0000c56a1300a61b
:1045000029000088870080fd2af1ffae530008fdd6
:1045100000202083030000840e0002d6992b049013
:10452000870082fd4af0ffae57010084470181fcfd
:10453000530008fd002020830e0002d6870089fd6d
:104540006aefffae09000088970080fd770080fdcc
:10455000eaeeffae00201eff40201de18b0208fcaa
:10456000082001e18f0280fd530008fd0020208318
:10457000082011820e0002d69b0208fc107f00006a
:10458000120031e100202cff323d0000330028fdf5
:1045900048e012824a1000a85e0510c56a1d00a6f8
:1045a0002e0010c52a1d00a659001088870081fd25
:1045b0001a0000e09f0280fdaaebffae8b0218fc00
:1045c0008b0128fc480002e18f0280fd530008fdaa
:1045d000002020838b0118fc0e0002d68b0108fc02
:1045e0005e0500c5aa0b00a62e0000c56a0b00a63a
:1045f00087008bfdcae9ffae080011f98f0281fd2b
:10460000080001bd0af1ffa64f0000840803000066
:10461000e2e3ffd4930098fdcaf1ffae0139000038
:104620008a0300a611390000ce0500a60e0000c5c1
:104630008a0200a69b0018fc080001bd061b00ae04
:104640005e0110e08f0281fd8f0080fd9f0289fdd9
:1046500029001088770081fd5e0500c50a1b00a6b1
:104660002e0000c5ca1a00a629000088770080fd28
:10467000930098fdeaeeffae452b04985e0510c549
:104680008a1800a609002088770082fd930098fd13
:104690000aeeffae5e0500c5aeedffa68f0280fdff
:1046a00019000088770080fd930098fd2aedffae89
:1046b0008b0118fc080010bd4efeffa68b0228fce3
:1046c000880010e18f0281fd5e0500c5ca0500a6c5
:1046d0002e0000c58a0500a677008bfd930098fd8b
:1046e0008aebffae09000088770080fd930098fdfb
:1046f0000aebffae8b0228fc880010e18f0281fddf
:1047000000201aff330028fd481c20839b0228fc50
:104710001a0012e09f0281fd8b0028fc080012bde8
:10472000e60200aa5e0500c52a1000a62e0000c5fc
:10473000ea0f00a659000088770080fd930098fddd
:104740008ae8ffae0e0000c56ef9ffa6952b049017
:10475000770081fd930098fdcae7ffae412b049cd2
:104760009d2b049687008afd2adeffae412b049c18
:1047700020100000912b049487008afd8addffae93
:104780005e0500c54efaffa6412b049c9d2b0496a6
:1047900049000088770080fd930098fdaae5ffaef0
:1047a0005e0510c50a0e00a62e0010c5ca0d00a693
:1047b00087008bfd1a0000e09f0280fd8adbffaec0
:1047c000b30000fdcb0590fc39740000530008fdd8
:1047d000430010fd0e0001d6007f903d661000a83a
:1047e000112f0490b30020fdb30010fdc30222fc82
:1047f000b30211fc213c0000860f00aab30000fdab
:1048000001001088c70201fc530008fd002020832e
:104810000b0000840e0002d6530008fd152f0490f3
:10482000b30011fdcb0511fc002020830e0002d641
:10483000530008fd002020838b0118fc0e0002d6d7
:10484000530008fd152f0490b30011fdd30211fc95
:10485000002020830e0002d6530008fd152f04907f
:10486000b30011fdbb0511fc002020830e0002d611
:10487000112f0490b30030fdb30020fdb30010fdf4
:10488000cb05e3fc2a00eee0820138e18823e3e176
:10489000d30222fc8803e2e1bb0511fc8803e1e1bd
:1048a0000100d088bd7e0000010090881200cbe19d
:1048b0004202bbe12c240000b30010fd097e000081
:1048c00000e3118308e0a182530008fd002020834b
:1048d00008001a820e0002d68803eae1120099e06d
:1048e000112f0490b30010fdc8e21182913c00002a
:1048f00026feffaa1200dde0b30010fd5b0511fcef
:10490000d13c0000e6fcffaa2e00e0c56a0800a624
:10491000530008fd0020208308001e820e0002d6ee
:10492000ef1ddf1dcf1dbf1daf1d9f1d8f1d017210
:10493000412b049c50100000912b049449000088e6
:10494000770080fd930098fd4ad8ffae452b049c6c
:1049500051100000952b049487008afd1a0000e096
:104960009f0280fd4aceffae452b049c9d2b0496f2
:1049700087008afd1a0000e09f0280fd8acdffae0d
:10498000870000840803000022c8ffd4930098fd2c
:104990000ad6ffae9b0028fc080002bd020300ae51
:1049a000770089fd330008fd08040983570000845f
:1049b00008030000c2c6ffd4930098fdaad4ffae3e
:1049c000412b049c20100000912b04944900008886
:1049d000770080fd930098fdcad3ffae930098fd49
:1049e0003900b0889202a8e1aaceffae052b04d50b
:1049f000ef1ddf1dcf1dbf1daf1d9f1d8f1d017240
:104a00005e0110e08f0281fd8f0080fd9f0289fd15
:104a100029000088770080fdaae2ffaef70300b806
:104a2000530008fd0020208308001e820e0002d6dd
:104a30006af7ffae370001fd9f0002fd8f0103fd05
:104a4000330c018600040183e30b0186170001fd8e
:104a500009001088970001fd770001fd0172000038
:104a60000e7200001d8000c300010372017200007d
:104a70000e7200000f200080002000ff000070a2d6
:104a800008000082037201720e7200001d8000c1d6
:104a900000010372017200000e720000f9e30f8f33
:104aa0005181009400010372017200000e72000037
:104ab0000900008851810094000103720172000016
:104ac0001e7200000004e083090010884024feedff
:104ad0004e0000a6418100c21a0000ae0001000194
:104ae000037201721e7200000004e0830900108846
:104af0004024feed4e0000a6418100c01a0000ae29
:104b000000010001037201722e72100a0900008870
:104b10000004e083100e00396e0000a6832000849c
:104b20000024e1832a0000ae0001000000200e8373
:104b3000037201722e72100a030000800804e083e1
:104b4000100e00392e0100a6818000981a0000e99d
:104b5000007f000009001088013d00001fc010f810
:104b6000004400000804e0832a0000ae00010000b9
:104b700008200e82037201721e7200000004e0839e
:104b8000090010884024feed4e0000a6350d00c33c
:104b90001a0000ae00010001037201721e720000d3
:104ba0000004e083090010884024feed4e0000a6ba
:104bb000350d00c11a0000ae000100010372017240
:104bc0001e7200000004e083090010884024feedfe
:104bd0004e0000a6350a00c11a0000ae0001000117
:104be000037201722e7200000004e083110a0000bb
:104bf000090010884024feed4e0100a6100e0000b2
:104c0000080000827a0000e97a0000e9000040a470
:104c1000e5130098fa0011ed480000ebe113009c49
:104c20001a0000ae00010001037201720e72000052
:104c300009000088118000940900008851800094c8
:104c4000090000889180009409000088d1800094b8
:104c500009000088118100940900008851810094a6
:104c600011000080250000809181009401000080e7
:104c700005000180d18100940900008851820094d0
:104c8000090000889182009409000088d182009474
:104c90000900008811830094433f0182621800d408
:104ca00023400182e21900d413430182821f00d401
:104cb000e20300d400010372017200000e720000d2
:104cc0001d8000c10100808045000080118000949b
:104cd00009000088518000940900008891800094a8
:104ce00009000088d1800094090000881181009497
:104cf0000900008851810094090000889181009486
:104d000019000088d1810094090000885182009424
:104d1000090000889182009409000088d1820094e3
:104d200009000088118300940001037201720000e1
:104d30000e7200001d8000c3000100000f200080e3
:104d4000002000ff000070a2080000820e0000c5d5
:104d50004affffa600010372017200000e720000fc
:104d6000358000c3000100000f200080002000fffc
:104d7000000060a21a0000e90e0000c54affffa66d
:104d800000010372017200003e72100a210a000045
:104d9000010000880004e082100e3039ca0500a628
:104da000100e3039a60000ae100e1039ca0200a64f
:104db000100e1039c60300ae2a0100ae100e503995
:104dc0002a0700a6100e5039a60500aa100e603959
:104dd000ea0700a6100e7039ea0800a6ea0b00ae3a
:104de000200e10396e0000a64b0000800004e08207
:104df0006a0900ae200e20392e0900a64f0000805f
:104e00000004e082ca0800ae200e10396e0000a631
:104e1000430000800004e0826a0800ae200e2039c2
:104e20002e0800a6470000800004e082ca0700aefa
:104e3000200e10396e0000a63b0000800004e082c6
:104e40006a0700ae200e20392e0700a63f00008022
:104e50000004e082ca0600ae200e10396e0000a6e3
:104e6000330000800004e0826a0600ae200e203984
:104e70002e0600a6370000800004e082ca0500aebe
:104e8000200e10396e0000a62b0000800004e08286
:104e90006a0500ae200e20392e0500a62f000080e6
:104ea0000004e082ca0400ae200e10396e0000a695
:104eb000230000800004e0826a0400ae200e203946
:104ec0002e0400a6270000800004e082ca0300ae82
:104ed000200e10396e0000a61b0000800004e08246
:104ee0006a0300ae200e20392e0300a61f000080aa
:104ef0000004e082ca0200ae200e10396e0000a647
:104f0000130000800004e0826a0200ae200e203907
:104f10002e0200a6170000800004e082ca0100ae45
:104f200000010000aa0100ae000100006a0100ae0d
:104f3000000100002a0100ae00010000ea0000aefe
:104f400000010000aa0000ae000100006a0000aeef
:104f5000000100002a0000ae0001000000200e82c7
:104f6000037201724e72100a210a320a310e200eab
:104f7000a2f0ffd40004e082100e00392e0100a63a
:104f800000200e8208000082fa0300e9fa0310e90b
:104f9000818100980e0000ed080001eb8181009cea
:104fa0001a0000ae00010001037201721e720000bf
:104fb0000004e083090010884024feed4a0000a6aa
:104fc00000201e8355270494000103720172000023
:104fd0002e7200000004e0832700e1fc0001037250
:104fe000017200001e7200000004e08309001088b6
:104ff0004024feed4a0000a600201e83952704945d
:1050000000010372017200002e7200000004e083b0
:10501000110a0001037201722e72100a100e00397b
:105020006e0300a6818000981a0000e90e0000c5fa
:105030004a0000a6070000802a0000ae030000809e
:105040000e0000c58a0200a6832000840024e183ac
:105050005127049000390000aa0000a659270490a7
:1050600000200e8300021002100e00000e0002d677
:105070009127049000390000ea0000a699270490c7
:1050800000201e83100e00000e0002d64a0000ae63
:10509000000100001a0000ae00010001037201725d
:1050a0001e7200000004e083090010884024feed19
:1050b0004a0000a600201e83d52704940001037235
:1050c000017200001e7200000004e0830001037200
:1050d000017200000e7200001da000c300010372e7
:1050e000017200000e7200000f280080002000fff7
:1050f000000070a208000082037201720e720000ac
:105100001da000c100010372017200000e720000b8
:10511000f9e30f8f51a100940001037201720000a6
:105120000e7200000900008851a100940001037272
:10513000017200001e7200000004e0830900108864
:105140004024feed4e0000a641a100c21a0000aeb0
:1051500000010001037201721e7200000004e0836e
:10516000090010884024feed4e0000a641a100c0b9
:105170001a0000ae00010001037201722e72100ac3
:10518000090000880004e083100e00396e0000a6bc
:10519000832800840024e1832a0000ae000100007f
:1051a00000200e83037201722e72100a0300008029
:1051b0000804e083100e00392e0100a681a000989b
:1051c0001a0000e9007f000009001088013d00007e
:1051d0001fc010f8004400000804e0832a0000ae5d
:1051e0000001000008200e82037201721e7200008e
:1051f0000004e083090010884024feed4e0000a664
:105200006d0d00c21a0000ae0001000103720172b0
:105210001e7200000004e083090010884024feeda7
:105220004e0000a66d0d00c01a0000ae0001000186
:10523000037201721e7200000004e08309001088ee
:105240004024feed4e0000a66d0a00c01a0000ae1c
:1052500000010001037201722e7200000004e0835d
:10526000110a0000090010884024feed4e0100a63e
:10527000100e0000080000827a0000e97a0000e9c0
:10528000000040a495140098fa0011ed480000ebce
:105290009114009c1a0000ae00010001037201721b
:1052a0000e7200000900008811a000940900008817
:1052b00051a000940900008891a000940900008882
:1052c000d1a000940900008811a100940900008871
:1052d00051a10094110000802502008091a100944a
:1052e0000100008005000180d1a100940900008820
:1052f00051a200940900008891a20094090000883e
:10530000d1a200940900008811a3009413590182ce
:10531000621800d4f3590182e21900d4e35c0182df
:10532000821f00d4e20300d4000103720172000066
:105330000e7200001da000c10100808045000080a9
:1053400011a000940900008851a000940900008871
:1053500091a0009409000088d1a000940900008861
:1053600011a100940900008851a10094090000884f
:1053700091a1009419000088d1a10094090000882f
:1053800051a200940900008891a2009409000088ad
:10539000d1a200940900008811a3009400010372b7
:1053a000017200000e7200001da000c30001000089
:1053b0000f280080002000ff000070a2080000827b
:1053c0000e0000c54affffa6000103720172000033
:1053d0000e72000035a000c3000100000f280080fd
:1053e000002000ff000060a21a0000e90e0000c5c6
:1053f0004affffa600010372017200003e72100a0c
:10540000210a0000010000880004e082100e3039fb
:10541000ca0500a6100e3039a60000ae100e1039d5
:10542000ca0200a6100e1039c60300ae2a0100ae53
:10543000100e50392a0700a6100e5039a60500aaf2
:10544000100e6039ea0700a6100e7039ea0800a6af
:10545000ea0b00ae200e10396e0000a64b00008053
:105460000004e0826a0900ae200e20392e0900a651
:105470004f0000800004e082ca0800ae200e103900
:105480006e0000a6430000800004e0826a0800aebf
:10549000200e20392e0800a6470000800004e0827c
:1054a000ca0700ae200e10396e0000a63b00008037
:1054b0000004e0826a0700ae200e20392e0700a605
:1054c0003f0000800004e082ca0600ae200e1039c2
:1054d0006e0000a6330000800004e0826a0600ae81
:1054e000200e20392e0600a6370000800004e0823e
:1054f000ca0500ae200e10396e0000a62b000080f9
:105500000004e0826a0500ae200e20392e0500a6b8
:105510002f0000800004e082ca0400ae200e103983
:105520006e0000a6230000800004e0826a0400ae42
:10553000200e20392e0400a6270000800004e082ff
:10554000ca0300ae200e10396e0000a61b000080ba
:105550000004e0826a0300ae200e20392e0300a66c
:105560001f0000800004e082ca0200ae200e103945
:105570006e0000a6130000800004e0826a0200ae04
:10558000200e20392e0200a6170000800004e082c1
:10559000ca0100ae00010000aa0100ae0001000037
:1055a0006a0100ae000100002a0100ae0001000007
:1055b000ea0000ae00010000aa0000ae00010000f9
:1055c0006a0000ae000100002a0000ae00010000e9
:1055d00000200e82037201724e72100a210a320af2
:1055e000310e200ea2f0ffd40004e082100e00392c
:1055f0002e0100a600200e8208000082fa0300e9b6
:10560000fa0310e981a100980e0000ed080001ebfb
:1056100081a1009c1a0000ae00010001037201721a
:105620001e7200000004e083090010884024feed93
:105630004a0000a600201e8315280494000103726e
:10564000017200002e7200000004e0832700e1fcdc
:1056500000010372017200001e7200000004e0836a
:10566000090010884024feed4a0000a600201e8399
:105670005528049400010372017200002e7200008c
:105680000004e083110a0001037201722e72100af5
:10569000100e00396e0300a681a000981a0000e9e0
:1056a0000e0000c54a0000a6070000802a0000aed8
:1056b000030000800e0000c58a0200a68328008433
:1056c0000024e1831128049000390000aa0000a6fc
:1056d0001928049000200e8300021002100e000012
:1056e0000e0002d65128049000390000ea0000a6fe
:1056f0005928049000201e83100e00000e0002d6d0
:105700004a0000ae000100001a0000ae00010001d6
:10571000037201721e7200000004e0830900108809
:105720004024feed4a0000a600201e839528049424
:1057300000010372017200001e7200000004e08389
:1057400000010372017200000e7200001db400c35c
:1057500000010372017200000e7200000f2d008024
:10576000002000ff000070a2080000820372017296
:105770000e7200001db400c100010372017200002e
:105780000e720000f9e30f8f51b50094000103720f
:10579000017200000e7200000900008851b50094eb
:1057a00000010372017200001e7200000004e08319
:1057b000090010884024feed4e0000a641b500c24d
:1057c0001a0000ae00010001037201721e72000097
:1057d0000004e083090010884024feed4e0000a67e
:1057e00041b500c01a0000ae000100010372017251
:1057f0002e72100a090000880004e083100e0039a0
:105800006e0000a6832d00840024e1832a0000aef0
:105810000001000000200e83037201722e72100a34
:10582000030000800804e083100e00392e0100a65a
:1058300081b400981a0000e9007f00000900108878
:10584000013d00001fc010f8004400000804e08380
:105850002a0000ae0001000008200e8203720172cf
:105860001e7200000004e083090010884024feed51
:105870004e0000a6950d00c21a0000ae0001000106
:10588000037201721e7200000004e0830900108898
:105890004024feed4e0000a6950d00c01a0000ae9b
:1058a00000010001037201721e7200000004e08317
:1058b000090010884024feed4e0000a6950a00c0a5
:1058c0001a0000ae00010001037201722e72000086
:1058d0000004e083110a0000090010884024feed56
:1058e0004e0100a6100e0000080000827a0000e9b8
:1058f0007a0000e9000040a445150098fa0011ed77
:10590000480000eb4115009c1a0000ae00010001a8
:10591000037201720e7200000900008811b4009435
:105920000900008851b400940900008891b40094e3
:1059300009000088d1b400940900008811b50094d2
:105940000900008851b500941100008025210080d5
:1059500091b500940100008005000180d1b500944c
:105960000900008851b600940900008891b600949f
:1059700009000088d1b600940900008811b700948e
:10598000e3720182621800d4c3730182e21900d469
:10599000b3760182821f00d4e20300d400010372b7
:1059a000017200000e7200001db400c10100808071
:1059b0004500008011b400940900008851b400949f
:1059c0000900008891b4009409000088d1b40094c3
:1059d0000900008811b500940900008851b50094b1
:1059e0000900008891b5009419000088d1b5009491
:1059f0000900008851b600940900008891b600940f
:105a000009000088d1b600940900008811b70094fd
:105a100000010372017200000e7200001db400c389
:105a2000000100000f2d0080002000ff000070a288
:105a3000080000820e0000c54affffa600010372a5
:105a4000017200000e72000035b400c300010000b6
:105a50000f2d0080002000ff000060a21a0000e966
:105a60000e0000c54affffa600010372017200008c
:105a70003e72100a210a0000010000880004e08242
:105a8000100e3039ca0500a6100e3039a60000ae3f
:105a9000100e1039ca0200a6100e1039c60300ae4f
:105aa0002a0100ae100e50392a0700a6100e5039f8
:105ab000a60500aa100e6039ea0700a6100e70397c
:105ac000ea0800a6ea0b00ae200e10396e0000a610
:105ad0004b0000800004e0826a0900ae200e2039ed
:105ae0002e0900a64f0000800004e082ca0800ae24
:105af000200e10396e0000a6430000800004e082f2
:105b00006a0800ae200e20392e0800a6470000804b
:105b10000004e082ca0700ae200e10396e0000a615
:105b20003b0000800004e0826a0700ae200e2039ae
:105b30002e0700a63f0000800004e082ca0600aee7
:105b4000200e10396e0000a6330000800004e082b1
:105b50006a0600ae200e20392e0600a6370000800f
:105b60000004e082ca0500ae200e10396e0000a6c7
:105b70002b0000800004e0826a0500ae200e203970
:105b80002e0500a62f0000800004e082ca0400aeab
:105b9000200e10396e0000a6230000800004e08271
:105ba0006a0400ae200e20392e0400a627000080d3
:105bb0000004e082ca0300ae200e10396e0000a679
:105bc0001b0000800004e0826a0300ae200e203932
:105bd0002e0300a61f0000800004e082ca0200ae6f
:105be000200e10396e0000a6130000800004e08231
:105bf0006a0200ae200e20392e0200a61700008097
:105c00000004e082ca0100ae00010000aa0100ae5b
:105c1000000100006a0100ae000100002a0100ae90
:105c200000010000ea0000ae00010000aa0000ae82
:105c3000000100006a0000ae000100002a0000ae72
:105c40000001000000200e82037201724e72100ae1
:105c5000210a320a310e200ea2f0ffd40004e082a5
:105c6000100e00392e0100a600200e8208000082ce
:105c7000fa0300e9fa0310e981b500980e0000ed7f
:105c8000080001eb81b5009c1a0000ae0001000184
:105c9000037201721e7200000004e0830900108884
:105ca0004024feed4a0000a600201e83d52804945f
:105cb00000010372017200002e7200000004e083f4
:105cc0002700e1fc00010372017200001e72000057
:105cd0000004e083090010884024feed4a0000a67d
:105ce00000201e8315290494000103720172000034
:105cf0002e7200000004e083110a00010372017299
:105d00002e72100a100e00396e0300a681b400989e
:105d10001a0000e90e0000c54a0000a60700008036
:105d20002a0000ae030000800e0000c58a0200a613
:105d3000832d00840024e183d128049000390000e1
:105d4000aa0000a6d928049000200e8300021002a9
:105d5000100e00000e0002d6112904900039000038
:105d6000ea0000a61929049000201e83100e0000ee
:105d70000e0002d64a0000ae000100001a0000ae7c
:105d800000010001037201721e7200000004e08332
:105d9000090010884024feed4a0000a600201e8362
:105da0005529049400010372017200001e72000064
:105db0000004e08300010372017200000e72000013
:105dc0001dc600c300010372017200000e720000c4
:105dd0008f310080002000ff000070a208000082c8
:105de000037201720e7200001dc600c10001037231
:105df000017200000e720000f9e30f8f51c700948a
:105e000000010372017200000e7200000900008898
:105e100051c7009400010372017200001e7200005d
:105e20000004e083090010884024feed4e0000a627
:105e300041c700c21a0000ae0001000103720172e6
:105e40001e7200000004e083090010884024feed6b
:105e50004e0000a641c700c01a0000ae00010001bc
:105e6000037201722e72100a090000880004e08398
:105e7000100e00396e0000a6033200840024e18376
:105e80002a0000ae0001000000200e8303720172a0
:105e90002e72100a030000800804e083100e0039ff
:105ea0002e0100a681c600981a0000e9007f0000bc
:105eb00009001088013d00001fc010f800440000d8
:105ec0000804e0832a0000ae0001000008200e82d2
:105ed000037201721e7200000004e0830900108842
:105ee0004024feed4e0000a6b50d00c31a0000ae22
:105ef00000010001037201721e7200000004e083c1
:105f0000090010884024feed4e0000a6b50d00c12a
:105f10001a0000ae00010001037201721e7200003f
:105f20000004e083090010884024feed4e0000a626
:105f3000b50a00c11a0000ae00010001037201722f
:105f40002e7200000004e083110a0000090010888e
:105f50004024feed4e0100a6100e00000800008255
:105f60007a0000e97a0000e9000040a4e5150098f5
:105f7000fa0011ed480000ebe115009c1a0000ae9c
:105f800000010001037201720e7200000900008816
:105f900011c600940900008851c6009409000088c9
:105fa00091c6009409000088d1c6009409000088b9
:105fb00011c700940900008851c7009411000080a7
:105fc0002501008091c70094010000800500018038
:105fd000d1c700940900008851c8009409000088c6
:105fe00091c8009409000088d1c800940900008875
:105ff00011c90094b38c0182621800d4938d018280
:10600000e21900d483900182821f00d4e20300d4fd
:1060100000010372017200000e7200001dc600c173
:10602000010080804500008011c6009409000088ae
:1060300051c600940900008891c6009409000088a8
:10604000d1c600940900008811c700940900008897
:1060500051c700940900008891c700941900008876
:10606000d1c700940900008851c800940900008835
:1060700091c8009409000088d1c8009409000088e4
:1060800011c9009400010372017200000e72000039
:106090001dc600c3000100008f310080002000fffa
:1060a000000070a2080000820e0000c54affffa693
:1060b00000010372017200000e72000035c600c3b9
:1060c000000100008f310080002000ff000060a26e
:1060d0001a0000e90e0000c54affffa60001037286
:1060e000017200003e72100a210a000001000088bf
:1060f0000004e082100e3039ca0500a6100e3039b7
:10610000a60000ae100e1039ca0200a6100e1039fb
:10611000c60300ae2a0100ae100e50392a0700a6b1
:10612000100e5039a60500aa100e6039ea0700a625
:10613000100e7039ea0800a6ea0b00ae200e1039e6
:106140006e0000a64b0000800004e0826a0900aee9
:10615000200e20392e0900a64f0000800004e082a6
:10616000ca0800ae200e10396e0000a64300008061
:106170000004e0826a0800ae200e20392e0800a636
:10618000470000800004e082ca0700ae200e1039ec
:106190006e0000a63b0000800004e0826a0700aeab
:1061a000200e20392e0700a63f0000800004e08268
:1061b000ca0600ae200e10396e0000a63300008023
:1061c0000004e0826a0600ae200e20392e0600a6ea
:1061d000370000800004e082ca0500ae200e1039ae
:1061e0006e0000a62b0000800004e0826a0500ae6d
:1061f000200e20392e0500a62f0000800004e0822a
:10620000ca0400ae200e10396e0000a623000080e4
:106210000004e0826a0400ae200e20392e0400a69d
:10622000270000800004e082ca0300ae200e10396f
:106230006e0000a61b0000800004e0826a0300ae2e
:10624000200e20392e0300a61f0000800004e082eb
:10625000ca0200ae200e10396e0000a613000080a6
:106260000004e0826a0200ae200e20392e0200a651
:10627000170000800004e082ca0100ae00010000a7
:10628000aa0100ae000100006a0100ae000100009a
:106290002a0100ae00010000ea0000ae000100008b
:1062a000aa0000ae000100006a0000ae000100007c
:1062b0002a0000ae0001000000200e82037201726d
:1062c0004e72100a210a320a310e200ea2f0ffd4bb
:1062d0000004e082100e00392e0100a600200e827c
:1062e00008000082fa0300e9fa0310e981c7009868
:1062f0000e0000ed080001eb81c7009c1a0000ae03
:1063000000010001037201721e7200000004e083ac
:10631000090010884024feed4a0000a600201e83dc
:106320009529049400010372017200002e7200008e
:106330000004e0832700e1fc000103720172000009
:106340001e7200000004e083090010884024feed66
:106350004a0000a600201e83d52904940001037280
:10636000017200002e7200000004e083110a000197
:10637000037201722e72100a100e00396e0300a60d
:1063800081c600981a0000e90e0000c54a0000a668
:10639000070000802a0000ae030000800e0000c548
:1063a0008a0200a6033200840024e183912904902c
:1063b00000390000aa0000a69929049000200e834d
:1063c00000021002100e00000e0002d6d129049027
:1063d00000390000ea0000a6d929049000201e839d
:1063e000100e00000e0002d64a0000ae00010000b0
:1063f0001a0000ae00010001037201721e7200005b
:106400000004e083090010884024feed4a0000a645
:1064100000201e83152a04940001037201720000fb
:106420001e7200000004e08300010372017200008c
:106430000e7200001dd800c300010372017200003b
:106440000e7200000f360080002000ff000070a2d6
:1064500008000082037201720e7200001dd800c194
:1064600000010372017200000e720000f9e30f8f49
:1064700051d9009400010372017200000e720000f5
:106480000900008851d900940001037201720000d4
:106490001e7200000004e083090010884024feed15
:1064a0004e0000a641d900c21a0000ae0001000152
:1064b000037201721e7200000004e083090010885c
:1064c0004024feed4e0000a641d900c01a0000aee7
:1064d00000010001037201722e72100a0900008887
:1064e0000004e083100e00396e0000a6833600849d
:1064f0000024e1832a0000ae0001000000200e838a
:10650000037201722e72100a030000800804e083f7
:10651000100e00392e0100a681d800981a0000e95b
:10652000007f000009001088013d00001fc010f826
:10653000004400000804e0832a0000ae00010000cf
:1065400008200e82037201721e7200000004e083b4
:10655000090010884024feed4e0000a6e50d00c2a3
:106560001a0000ae00010001037201721e720000e9
:106570000004e083090010884024feed4e0000a6d0
:10658000e50d00c01a0000ae0001000103720172a7
:106590001e7200000004e083090010884024feed14
:1065a0004e0000a6e50a00c01a0000ae000100017e
:1065b000037201722e7200000004e083110a0000d1
:1065c000090010884024feed4e0100a6100e0000c8
:1065d000080000827a0000e97a0000e9000040a487
:1065e00085160098fa0011ed480000eb8116009c1a
:1065f0001a0000ae00010001037201720e72000069
:106600000900008811d800940900008851d800942e
:106610000900008891d8009409000088d1d800941e
:106620000900008811d900940900008851d900940c
:10663000110000802501008091d9009401000080a4
:1066400005000180d1d900940900008851da009436
:106650000900008891da009409000088d1da0094da
:106660000900008811db009483a60182621800d41f
:1066700063a70182e21900d453aa0182821f00d4c9
:10668000e20300d400010372017200000e720000e8
:106690001dd800c1010080804500008011d8009401
:1066a0000900008851d800940900008891d800940e
:1066b00009000088d1d800940900008811d90094fd
:1066c0000900008851d900940900008891d90094ec
:1066d00019000088d1d900940900008851da00948b
:1066e0000900008891da009409000088d1da00944a
:1066f0000900008811db00940001037201720000a0
:106700000e7200001dd800c3000100000f3600808b
:10671000002000ff000070a2080000820e0000c5eb
:106720004affffa600010372017200000e72000012
:1067300035d800c3000100000f360080002000ffa4
:10674000000060a21a0000e90e0000c54affffa683
:1067500000010372017200003e72100a210a00005b
:10676000010000880004e082100e3039ca0500a63e
:10677000100e3039a60000ae100e1039ca0200a665
:10678000100e1039c60300ae2a0100ae100e5039ab
:106790002a0700a6100e5039a60500aa100e60396f
:1067a000ea0700a6100e7039ea0800a6ea0b00ae50
:1067b000200e10396e0000a64b0000800004e0821d
:1067c0006a0900ae200e20392e0900a64f00008075
:1067d0000004e082ca0800ae200e10396e0000a648
:1067e000430000800004e0826a0800ae200e2039d9
:1067f0002e0800a6470000800004e082ca0700ae11
:10680000200e10396e0000a63b0000800004e082dc
:106810006a0700ae200e20392e0700a63f00008038
:106820000004e082ca0600ae200e10396e0000a6f9
:10683000330000800004e0826a0600ae200e20399a
:106840002e0600a6370000800004e082ca0500aed4
:10685000200e10396e0000a62b0000800004e0829c
:106860006a0500ae200e20392e0500a62f000080fc
:106870000004e082ca0400ae200e10396e0000a6ab
:10688000230000800004e0826a0400ae200e20395c
:106890002e0400a6270000800004e082ca0300ae98
:1068a000200e10396e0000a61b0000800004e0825c
:1068b0006a0300ae200e20392e0300a61f000080c0
:1068c0000004e082ca0200ae200e10396e0000a65d
:1068d000130000800004e0826a0200ae200e20391e
:1068e0002e0200a6170000800004e082ca0100ae5c
:1068f00000010000aa0100ae000100006a0100ae24
:10690000000100002a0100ae00010000ea0000ae14
:1069100000010000aa0000ae000100006a0000ae05
:10692000000100002a0000ae0001000000200e82dd
:10693000037201724e72100a210a320a310e200ec1
:10694000a2f0ffd40004e082100e00392e0100a650
:1069500000200e8208000082fa0300e9fa0310e921
:1069600081d900980e0000ed080001eb81d9009c50
:106970001a0000ae00010001037201721e720000d5
:106980000004e083090010884024feed4a0000a6c0
:1069900000201e83552a0494000103720172000036
:1069a0002e7200000004e0832700e1fc0001037266
:1069b000017200001e7200000004e08309001088cc
:1069c0004024feed4a0000a600201e83952a049470
:1069d00000010372017200002e7200000004e083c7
:1069e000110a0001037201722e72100a100e003992
:1069f0006e0300a681d800981a0000e90e0000c5b9
:106a00004a0000a6070000802a0000ae03000080b4
:106a10000e0000c58a0200a6833600840024e183ac
:106a2000512a049000390000aa0000a6592a0490b7
:106a300000200e8300021002100e00000e0002d68d
:106a4000912a049000390000ea0000a6992a0490d7
:106a500000201e83100e00000e0002d64a0000ae79
:106a6000000100001a0000ae000100010372017273
:106a70001e7200000004e083090010884024feed2f
:106a80004a0000a600201e83d52a04940001037248
:106a9000017200001e7200000004e0830001037216
:106aa00001720000f81ff91ffa1f4003330030fd88
:106ab000220013e1002011ff81240000320023e1b5
:106ac000002022ff02251261120023e1002022ff94
:106ad00012610000420023e1002052ff8525516130
:106ae000250300008b0010fc6a0091e45b0083fc2e
:106af000197fa87f61025f7207006ae80e0070c507
:106b0000ce0000a62e0080c56a0400a64e0080c5f7
:106b1000aa0700a61e0080c58a0000a653000084b4
:106b200062bbfed4af1d9f1d8f1d01720e0090c56c
:106b30002a0100a6120001e4007e0000600055fb5f
:106b400010740000120012e13261000048e5238356
:106b5000330034fd210100b80b0000808f0040fda0
:106b6000030000801f0030fd130014fd040300002b
:106b70000e0001d6af1d9f1d8f1d01722103000065
:106b8000120012e13261000048e52383330034fd36
:106b900041ff0fb80afeffae112a817f01380000c5
:106ba000aafdffa6620003e1120088e4887e8861e6
:106bb000820013e181610000400113e5400060e1c3
:106bc000120020e1002022ff800082a4002050ff5c
:106bd000620076e5800475e02074803dcafbffa664
:106be000400060e1120020e1002022ff800082a42a
:106bf000002050ff620076e5800475e02074803d3f
:106c0000cefdffa68afaffae400021a2617f000000
:106c10000100708801380000eaf9ffa6077e2024f1
:106c200003610000720010e1002011ff81240000c8
:106c3000820050e1002055ff05251561620050e1fa
:106c4000002055ff15619074002000ff8025000092
:106c5000000c21e1120077e001fe6fb80b0000800c
:106c60008f0040fd030000801f0030fd130014fd65
:106c7000040300000e0001d6caf7ffae330040fd4a
:106c80005b0054fc157f1174920020e1002022ff6c
:106c9000123d0000a60200a86b0024fc220014e1b3
:106ca000002011ff81240000320034e1002033ff76
:106cb00003251361120034e1002033ff136100004b
:106cc000420034e1002033ff832513612e0020c5ec
:106cd0000a0700a64e0020c5ca0000a61e0020c557
:106ce0006a0400a6530000842aadfeae570000845b
:106cf000eaacfeae657f0000010030880638000077
:106d0000aa0200a6237e4261082071822f0047fd5f
:106d1000330070fd800047e11b0071fc3f0047fd20
:106d2000330070fd800047e12b0071fc4f0047fdf0
:106d3000330040fd24610000420071e117034776f3
:106d40000f39f7f95f0024fd420033e0330040fdc6
:106d5000363c000066fdffaa2a0055e08f0005fdc5
:106d6000030000841f0041fd130010fd0a0001d63e
:106d7000257f02380affffa6120022e4227e0000cf
:106d8000100061fb12740000086031824161000054
:106d9000881d4383330040fd61ff2fb82a0055e072
:106da0008f0005fd030000841f0041fd130010fd4e
:106db0000a0001d6657f0000010020880638000027
:106dc000aafcffa6327e4361082071822f0047fd96
:106dd000330040fd34610000406084a23f0034fd78
:106de000220022e0330040fd263c000042fbffaac7
:106df000327e4361082071822f0047fd330040fd41
:106e000034610000406084a23f0034fd220022e093
:106e1000330040fd263c000046fdffaacaf9ffae44
:106e2000f81f8003330010fd220001e1002000ff65
:106e300080240000320021e1002022ff02250261af
:106e4000120021e1002022ff02610000420021e146
:106e5000002022ff8225026100206082112f049110
:106e6000130024fd09003088002062bcca0100a67e
:106e7000130024fd002002b86a0100a6010020884a
:106e8000120022e0130054fd820132f6c0e0558268
:106e9000563c00008a0000a6130054fdc0e0558255
:106ea00005380000cefeffa6130024fdc0e02282bc
:106eb000023800008a0200a6130044fd8b0058fc33
:106ec0005a0025e451743461430033fd0e0003d6ab
:106ed0000e0000c50e0100a60b0000848f0081fd8e
:106ee000330018fd1f0010fd130018fd08030000fb
:106ef0000e0001d68f1d01725300008408030000ac
:106f0000629cfed48f1d01720701008408030000fb
:106f1000e29bfed48f1d0172f81f8003330010fd29
:106f2000220001e1002000ff80240000320021e166
:106f3000002022ff02250261120021e1002022ff31
:106f400002610000420021e1002022ff822502614f
:106f500000206082112f0491130034fd0900208865
:106f6000002063bcca0100a6130034fd002003b852
:106f70006a0100a601003088120033e0130054fdbe
:106f8000820123f680e05582563c00008a0000a66c
:106f9000130054fd80e0558205380000cefeffa6a8
:106fa000130034fd80e0338203380000aa0100a6fc
:106fb000130034fd21742361330022fd0e0002d63c
:106fc0002a0000e08f0080fd330008fd03000084ec
:106fd0001f0001fd130018fd080300000e0001d67c
:106fe0008f1d017207010084080300000295fed482
:106ff0008f1d0172430000fdf3b10186970001fd72
:1070000063bc0186770001fd83b80186870001fd1e
:1070100001720000430000fd93aa0186a70001fd54
:10702000017200000e720000010000800540008027
:10703000117001940108e0802500008051700194d6
:10704000e9420088917001941d7001c3057001c36d
:10705000017001c300010372017200000e72000092
:1070600009000088117001940108e080250000806b
:10707000517001940900008891700194000103721d
:10708000017200000e7200011b5c0080002000fff6
:10709000002a00001a0000e91e0000c54affffa6f2
:1070a000135c0080002000ff002a00001a0000e9a5
:1070b0001e0000c52e0000a6457001c0d1700190d1
:1070c00008000082037201721e7200000804e0834f
:1070d000000100001b5c0080002000ff000040a2b7
:1070e0001a0000e91e0000c54affffa600200eff9f
:1070f0001171019400010372017200000e72000010
:107100001b5c0080002000ff002a00001a0000e93c
:1071100000440372017200000e7200001b5c0080cc
:10712000002000ff000040a21a0000e90e0000c588
:107130000e0100a6035c0080002000ff000050a2aa
:107140001a0000e90e0000c54a0000a619000088d8
:107150002a0000ae09000088080000821a0000e939
:10716000037201720e720000135c0080002000ffa9
:10717000000070a2080000820e0000c50a0100a6ef
:107180001b5c0080002000ff000050a21a0000e9f4
:107190000e0000c54a0000a6190000882a0000aeb3
:1071a00009000088080000821a0000e903720172d9
:1071b0000e720000057001c300010372017200002d
:1071c0000e720000057001c100010372017200001f
:1071d0001e7200000804e083497201c108200e827b
:1071e0001a0000e9000020a4457201982140000027
:1071f000480000eb4172019c08200e821a0000e951
:10720000000060a40570019861400000480000eb98
:107210000170019c00010372017200000e720000f7
:10722000035c0080002000ff000060a21a0000e95b
:10723000007f000009001088013d00001fc010f809
:107240000044000008000082037201720e72000008
:10725000935c0080002000ff000020a21a0000e9db
:10726000007f000009001088013d00001fc010f8d9
:107270000044000008000082037201720e720000d8
:1072800009000088512e0494135c0080002000ff48
:10729000000030a21a0000e91e0000c56e0000a622
:1072a000512e049000420000512e0494135c008083
:1072b000002000ff000060a21a0000e91e0000c5c7
:1072c0006e0000a6512e049010420000512e04942e
:1072d000135c0080002000ff002a00001a0000e973
:1072e0001e0000c58e0000a6512e04902042000012
:1072f000512e0494457001c0417001981a0000e9b4
:107300001e0000c58e0000a6512e049030420000e1
:10731000512e0494417001c0135c0080002000ffd6
:10732000000050a21a0000e91e0000c58e0000a651
:10733000512e049040420000512e0494457001c12a
:10734000512e0490037201721e7200000004e0834b
:1073500000201e83957001940001037201720000e9
:107360000e72000091700190037201722e72100a69
:10737000100e0000b60400c5620100ae100e003908
:107380002a0100a63d7001c20d7001c101404b8071
:10739000c5200080120e9f72070002ea0003000061
:1073a0000004e0830a0300ae100e0000260100c5b1
:1073b000620100ae3d7001c00d7001c3100e0000ef
:1073c000080022a401404b80c52000809f7200006d
:1073d000070002ea000300001204e0e54a0100aee3
:1073e0003d7001c00d7001c1100e0000080042a4e4
:1073f00001404b80c52000809f720000070002ea18
:10740000000300001204e0e500201e839570019443
:1074100000010372017200002e72000002faffd414
:10742000100a00000f5c0080002000ff000030a266
:107430001a0000e91e0000c52e0100a6100e00393a
:10744000ea0000a601404b80c5200080120e9f720a
:10745000070002ea000300000004e0832a0300aef4
:10746000035c0080002000ff000070a20800008282
:107470001e0000c54e0100a642000ee1122000e1f0
:10748000080022a401404b80c52000809f720000ac
:10749000070002ea000300000004e0832a0100aeb6
:1074a00042000ee1122000e1080042a401404b809e
:1074b000c52000809f720000070002ea0003000060
:1074c0000004e08300200e83037201720e7200003c
:1074d0000100008005400080117401940108e080e3
:1074e00025000080517401946943018891740194ce
:1074f0001d7401c3057401c3017401c3000103724b
:10750000017200000e7200000900008811740194dd
:107510000108e08025000080517401940900008872
:107520009174019400010372017200000e72000157
:107530001b5d0080002000ff002a00001a0000e907
:107540001e0000c54affffa6135d0080002000ff5b
:10755000002a00001a0000e91e0000c52e0000a647
:10756000457401c0d1740190080000820372017259
:107570001e7200000804e083000100001b5d008013
:10758000002000ff000040a21a0000e91e0000c514
:107590004affffa600200eff11750194000103723f
:1075a000017200000e7200001b5d0080002000ffd1
:1075b000002a00001a0000e9004403720172000072
:1075c0000e7200001b5d0080002000ff000040a242
:1075d0001a0000e90e0000c50e0100a6035d008040
:1075e000002000ff000050a21a0000e90e0000c5b4
:1075f0004a0000a6190000882a0000ae0900008891
:10760000080000821a0000e9037201720e72000085
:10761000135d0080002000ff000070a208000082bf
:107620000e0000c50a0100a61b5d0080002000ffbf
:10763000000050a21a0000e90e0000c54a0000a692
:10764000190000882a0000ae0900008808000082a6
:107650001a0000e9037201720e720000057401c382
:1076600000010372017200000e720000057401c176
:1076700000010372017200001e7200000804e08322
:10768000497601c108200e821a0000e9000020a4fa
:107690004576019821400000480000eb4176019cae
:1076a00008200e821a0000e9000060a40574019809
:1076b00061400000480000eb0174019c000103726e
:1076c000017200000e720000035d0080002000ffc8
:1076d000000060a21a0000e9007f00000900108885
:1076e000013d00001fc010f80044000008000082a7
:1076f000037201720e720000935d0080002000ff93
:10770000000020a21a0000e9007f00000900108894
:10771000013d00001fc010f8004400000800008276
:10772000037201720e72000009000088912e049409
:10773000135d0080002000ff000030a21a0000e965
:107740001e0000c56e0000a6912e049000420000ad
:10775000912e0494135d0080002000ff000060a2c1
:107760001a0000e91e0000c56e0000a6912e0490cc
:1077700010420000912e0494135d0080002000ff51
:10778000002a00001a0000e91e0000c58e0000a6b5
:10779000912e049020420000912e0494457401c063
:1077a000417401981a0000e91e0000c58e0000a671
:1077b000912e049030420000912e0494417401c037
:1077c000135d0080002000ff000050a21a0000e9b5
:1077d0001e0000c58e0000a6912e049040420000bd
:1077e000912e0494457401c1912e0490037201728c
:1077f0001e7200000004e08300201e839574019433
:1078000000010372017200000e7200009174019079
:10781000037201722e72100a100e0000b60400c529
:10782000620100ae100e00392a0100a63d7401c2ab
:107830000d7401c101404b80c5200080120e9f7263
:10784000070002ea000300000004e0830a0300ae20
:10785000100e0000260100c5620100ae3d7401c09b
:107860000d7401c3100e0000080022a401404b80db
:10787000c52000809f720000070002ea000300009c
:107880001204e0e54a0100ae3d7401c00d7401c16f
:10789000100e0000080042a401404b80c52000806b
:1078a0009f720000070002ea000300001204e0e5f6
:1078b00000201e8395740194000103720172000080
:1078c0002e72000002faffd4100a00000f5d008043
:1078d000002000ff000030a21a0000e91e0000c5d1
:1078e0002e0100a6100e0039ea0000a601404b80d0
:1078f000c5200080120e9f72070002ea00030000fc
:107900000004e0832a0300ae035d0080002000ff36
:10791000000070a2080000821e0000c54e0100a6f3
:1079200042000ee1122000e1080022a401404b8039
:10793000c52000809f720000070002ea00030000db
:107940000004e0832a0100ae42000ee1122000e1b3
:10795000080042a401404b80c52000809f720000b7
:10796000070002ea000300000004e08300200e8309
:10797000037201720e720000010000800540008059
:10798000117801940108e08025000080517801946d
:1079900069430188917801941d7801c3057801c37a
:1079a000017801c300010372017200000e72000031
:1079b00009000088117801940108e080250000800a
:1079c00051780194090000889178019400010372b4
:1079d000017200000e7200011b5e0080002000ff9b
:1079e000002a00001a0000e91e0000c54affffa699
:1079f000135e0080002000ff002a00001a0000e94a
:107a00001e0000c52e0000a6457801c0d178019067
:107a100008000082037201721e7200000804e083f5
:107a2000000100001b5e0080002000ff000040a25b
:107a30001a0000e91e0000c54affffa600200eff45
:107a40001179019400010372017200000e720000ae
:107a50001b5e0080002000ff002a00001a0000e9e1
:107a600000440372017200000e7200001b5e008071
:107a7000002000ff000040a21a0000e90e0000c52f
:107a80000e0100a6035e0080002000ff000050a24f
:107a90001a0000e90e0000c54a0000a6190000887f
:107aa0002a0000ae09000088080000821a0000e9e0
:107ab000037201720e720000135e0080002000ff4e
:107ac000000070a2080000820e0000c50a0100a696
:107ad0001b5e0080002000ff000050a21a0000e999
:107ae0000e0000c54a0000a6190000882a0000ae5a
:107af00009000088080000821a0000e90372017280
:107b00000e720000057801c30001037201720000cb
:107b10000e720000057801c10001037201720000bd
:107b20001e7200000804e083497a01c108200e8219
:107b30001a0000e9000020a4457a019821400000c5
:107b4000480000eb417a019c08200e821a0000e9ef
:107b5000000060a40578019861400000480000eb37
:107b60000178019c00010372017200000e72000096
:107b7000035e0080002000ff000060a21a0000e900
:107b8000007f000009001088013d00001fc010f8b0
:107b90000044000008000082037201720e720000af
:107ba000935e0080002000ff000020a21a0000e980
:107bb000007f000009001088013d00001fc010f880
:107bc0000044000008000082037201720e7200007f
:107bd00009000088d12e0494135e0080002000ff6d
:107be000000030a21a0000e91e0000c56e0000a6c9
:107bf000d12e049000420000d12e0494135e008028
:107c0000002000ff000060a21a0000e91e0000c56d
:107c10006e0000a6d12e049010420000d12e0494d4
:107c2000135e0080002000ff002a00001a0000e917
:107c30001e0000c58e0000a6d12e04902042000038
:107c4000d12e0494457801c0417801981a0000e9ca
:107c50001e0000c58e0000a6d12e04903042000008
:107c6000d12e0494417801c0135e0080002000fff3
:107c7000000050a21a0000e91e0000c58e0000a6f8
:107c8000d12e049040420000d12e0494457801c1c9
:107c9000d12e0490037201721e7200000004e08372
:107ca00000201e8395780194000103720172000088
:107cb0000e72000091780190037201722e72100a08
:107cc000100e0000b60400c5620100ae100e0039af
:107cd0002a0100a63d7801c20d7801c101404b8008
:107ce000c5200080120e9f72070002ea0003000008
:107cf0000004e0830a0300ae100e0000260100c558
:107d0000620100ae3d7801c00d7801c3100e000085
:107d1000080022a401404b80c52000809f72000013
:107d2000070002ea000300001204e0e54a0100ae89
:107d30003d7801c00d7801c1100e0000080042a47a
:107d400001404b80c52000809f720000070002eabe
:107d5000000300001204e0e500201e8395780194e2
:107d600000010372017200002e72000002faffd4bb
:107d7000100a00000f5e0080002000ff000030a20b
:107d80001a0000e91e0000c52e0100a6100e0039e1
:107d9000ea0000a601404b80c5200080120e9f72b1
:107da000070002ea000300000004e0832a0300ae9b
:107db000035e0080002000ff000070a20800008227
:107dc0001e0000c54e0100a642000ee1122000e197
:107dd000080022a401404b80c52000809f72000053
:107de000070002ea000300000004e0832a0100ae5d
:107df00042000ee1122000e1080042a401404b8045
:107e0000c52000809f720000070002ea0003000006
:107e10000004e08300200e83037201720e720000e2
:107e2000012400c2e30b028000200082120010e057
:107e3000e30b028000040182e30b02800020008239
:107e4000f6ff00c46e0000a6e30b0280010010885c
:107e5000000401825b0c028000200082007e000092
:107e6000e25400d4630c028000200082007e0000f7
:107e7000a26000d46b0c028000200082007e000013
:107e8000626c00d4730c028000200082007e00002f
:107e9000224700d47b0c028000200082007e00007c
:107ea000225200d4830c028000200082007e000059
:107eb000e25d00d48b0c028000200082007e000076
:107ec000a26900d4930c028000200082007e000092
:107ed000624400d4c18000981a0000e90e0000c579
:107ee0008a0000a61182009010020000eb0b0280b5
:107ef00000040182c1a000981a0000e90e0000c52c
:107f00008a0000a611a2009010020000f30b02806c
:107f100000040182c1b400981a0000e90e0000c5f7
:107f20008a0000a611b6009010020000fb0b028030
:107f300000040182c1c600981a0000e90e0000c5c5
:107f40008a0000a611c8009010020000030c0280f5
:107f500000040182c1d800981a0000e90e0000c593
:107f60008a0000a611da0090100200000b0c0280bb
:107f700000040182418100c241a100c241b500c29a
:107f800041c700c2a3080080002000ff000040a2fb
:107f90001a0000e9107f0000130c02800004018227
:107fa000f3080080002000ff000040a21a0000e952
:107fb000107f00001b0c0280000401825708008023
:107fc000002000ff000020a21a0000e9107f00003e
:107fd000230c02800004018257080080002000ff6b
:107fe000002a00001a0000e9107f00002b0c02801c
:107ff00000040182a3080080002000ff000030a2de
:108000001a0000e9107f0000330c02800004018296
:108010003b0c028000200082003800004a0000a6cd
:108020004d2000c22a0000ae4d2000c0430c02804b
:1080300000200082003800004a0000a6412000c352
:108040002a0000ae412000c14b0c028000200082bb
:10805000003800004a0000a6452000c32a0000aef8
:10806000452000c1530c028000200082003800002f
:108070004a0000a6492000c32a0000ae492000c1e2
:10808000621600d4012400c00001037201720000d6
:108090000e720000e2b400d473f80182829300d41f
:1080a0005b0c0280a30f008400040182630c028039
:1080b000a30f0084000401826b0c0280a30f0084d4
:1080c00000040182730c0280a30f0084000401826b
:1080d0007b0c02808338018400040182830c0280bf
:1080e00083380184000401828b0c02808338018470
:1080f00000040182930c0280833801840004018211
:10810000021200d4caffffae0e7200008111039864
:108110000f0030f84e0000c5020200ae8111039836
:108120000f0030f88e0000c5860100ae9111039853
:10813000110000ca0d0030ca9111039cad1103c398
:10814000000100006bc40080002000ff000070a24e
:10815000080000821e0000c54affffa6011008802b
:10816000050000809118039491820c800501008025
:10817000d1180394b91803c3000100002fc6008072
:10818000002000ff000060a21a0000e91e0000c5e8
:108190004affffa6b11803c3000100002fc60080ec
:1081a000002000ff000040a21a0000e91e0000c5e8
:1081b0004affffa6ad1803c3000100002bc60080d4
:1081c000002000ff000070a2080000821e0000c511
:1081d0004affffa60001000007c40080002000ff46
:1081e000000060a21a0000e90e0000c54affffa6c9
:1081f000010010800500008011190394a91803c321
:10820000000100002bc60080002000ff000060a2db
:108210001a0000e91e0000c54affffa69d1803c111
:1082200001502980150000809111039401001080f5
:1082300005000080d1110394a91103c300010000bf
:108240006bc40080002000ff000060a21a0000e95b
:108250001e0000c54affffa6ad1103c300010000c8
:108260006bc40080002000ff000070a208000082a4
:108270001e0000c54affffa61110298005000080de
:10828000111203942d1203c3000100008bc400805f
:10829000002000ff000070a2080000821e0000c540
:1082a0004affffa621201980050000809112039447
:1082b000ad1203c300010000abc40080002000ff2a
:1082c000000070a2080000821e0000c54affffa641
:1082d0000110298005000080111403940900008812
:1082e000511403942d1403c3000100000bc500803a
:1082f000002000ff000070a2080000821e0000c5e0
:108300004affffa60001037201720000080001820b
:10831000150104900a0001d6d10004900a0000d68d
:10832000910004900a0000d6510004900a0000d683
:1083300011000490003900002a0000a60e0000d6ab
:108340000172000053040180551104900a0001d607
:10835000aacc00aef81f8003003900004a0900a62d
:10836000022030e52a0900a6130020fd0239000092
:10837000ea0800a6230010fd01390000aa0800a6a3
:10838000330000fd003900006a0800a6530048fdd4
:10839000043900004a0800a6730048fd04390000b3
:1083a000ca0700a61d010494d90004949500049402
:1083b00051000494430008fd11000494c29e00d4af
:1083c0000305018042b200d40700008cff0300883f
:1083d0005300018453040180c232fed4530401804f
:1083e00022f6fdd453040180e2f6fdd4530401804b
:1083f0000260ffd453040180c260ffd453040180a3
:10840000a29e00d40305018453040180a2b100d4cc
:10841000112f049019001088370001fd730028fd0a
:10842000d30018fc42c600d4112f0490b36a028610
:10843000170001fd736a028600040183c1300880c1
:10844000850000801114049481310880850000802b
:108450005114049401320880850000809114049422
:108460008132088085000080d11404940133088093
:108470008500008051150494c30018fc530008fdca
:10848000c2c200d48f1d0172eaffffaeeaffffae49
:10849000eaffffaeeaffffaeeaffffaeeaffffae84
:1084a000eaffffae330c028600040183630c0286f0
:1084b000170001fd830c0286270001fda30c028634
:1084c000370001fdc30c0286570001fd0172000058
:1084d0000e7200004920008811bc01940900008838
:1084e00051bc01940900008891bc019409000088e6
:1084f000d1bc01940900008811bd019401fb0880e2
:108500000500008051bd01940900008811be01944e
:1085100001a861800500008091bd019401fb688085
:1085200005000080d1bd0194d3180282020700d457
:108530001dbc01c300010372017200000e72000035
:108540001dbc01c10900008811bc0194010000801c
:108550000501008051bc01940900008891bc019480
:1085600009000088d1bc01940900008811bd019464
:10857000f9e30f8f51bd01940900008811be0194e9
:108580000900008891bd019409000088d1bd0194c3
:1085900000010372017200000e7200001dbc01c3d5
:1085a00000010372017200000e7200001dbc01c1c7
:1085b00000010372017200002e7200000004e082cc
:1085c0002700e1fc00200e82107e000023000efc3c
:1085d000007e0161d1bd019400200e82007e00006a
:1085e00091bd019400200e82107e000023000efc3d
:1085f000007e016151bd019400010372017200000f
:108600000e720000c9bc01c30001037201720000b8
:108610001e7200000004e083090010884024feed73
:108620004a0000a600201e83d52c0494000103728a
:10863000017200000e720001037201720e720000de
:108640007f020080002000ff000070a2080000826e
:108650001e0000c5ce0000a6d12c049000390000f9
:108660004a0000a6d12c04900e0000d6fd0900c1de
:1086700000010372017200000e72000059000088b0
:1086800011b90194010000800501008051b90194e5
:108690000900008891b9019409000088d1b90194ba
:1086a0000900008811ba0194f1ff0f8005000080d5
:1086b00051ba01940900008811bb01940900008897
:1086c00091ba0194f1ff0f8005000080d1ba0194a6
:1086d000131f0282420600d41db901c300010372b8
:1086e000017200000e7200001db901c1090000886e
:1086f00011b90194010000800501008051b9019475
:108700000900008891b9019409000088d1b9019449
:108710000900008811ba0194f9e30f8f51ba01944e
:108720000900008811bb01940900008891ba0194e6
:1087300009000088d1ba019400010372017200009f
:108740000e7200001db901c3000103720172000026
:108750000e7200001db901c1000103720172000018
:108760001e7200000004e08300201e8355ba0194ad
:1087700000010372017200001e7200000004e08319
:1087800000201e83d5ba019400010372017200001b
:108790000e720000c9b901c300010372017200002a
:1087a0001e7200000004e083090010884024feede2
:1087b0004a0000a600201e83d52d049400010372f8
:1087c000017200000e720001037201720e7200004d
:1087d0005f020080002000ff002a00001a0000e96c
:1087e0001e0000c5ce0000a6d12d04900039000067
:1087f0004a0000a6d12d04900e0000d6750900c0d5
:1088000000010372017200000e720000590000881e
:1088100011b00194010000800501008051b0019465
:108820000900008891b0019409000088d1b001943a
:108830000900008811b1019409a00f8851b1019479
:108840000900008811b201940900008891b10194d7
:1088500009c20788d1b1019433250282420600d4af
:108860001db001c300010372017200000e7200000e
:108870001db001c10900008811b001940100008001
:108880000501008051b001940900008891b0019465
:1088900009000088d1b001940900008811b1019449
:1088a000f9e30f8f51b101940900008811b20194ce
:1088b0000900008891b1019409000088d1b10194a8
:1088c00000010372017200000e7200001db001c3ae
:1088d00000010372017200000e7200001db001c1a0
:1088e00000010372017200001e7200000004e083a8
:1088f00000201e8355b10194000103720172000033
:108900001e7200000004e08300201e83d5b1019494
:1089100000010372017200000e720000c9b001c3b1
:1089200000010372017200001e7200000004e08367
:10893000090010884024feed4a0000a600201e8396
:10894000152d049400010372017200000e720001e3
:10895000037201720e7200005b020080002000ffb3
:10896000000030a21a0000e91e0000c5ce0000a6db
:10897000112d0490003900004a0000a6112d04902a
:108980000e0000d66d0900c00001037201720000e4
:108990000e7200005900008811b30194010000809c
:1089a0000501008051b301940900008891b301943e
:1089b00009000088d1b301940900008811b4019422
:1089c0000982018851b401940900008811b501940d
:1089d0000900008891b4019409c10088d1b40194c0
:1089e000532b0282420600d41db301c3000103725f
:1089f000017200000e7200001db301c10900008861
:108a000011b30194010000800501008051b301946d
:108a10000900008891b3019409000088d1b3019442
:108a20000900008811b40194f9e30f8f51b4019447
:108a30000900008811b501940900008891b40194df
:108a400009000088d1b40194000103720172000092
:108a50000e7200001db301c3000103720172000019
:108a60000e7200001db301c100010372017200000b
:108a70001e7200000004e08300201e8355b40194a0
:108a800000010372017200001e7200000004e08306
:108a900000201e83d5b4019400010372017200000e
:108aa0000e720000c9b301c300010372017200001d
:108ab0001e7200000004e083090010884024feedcf
:108ac0004a0000a600201e83552d04940001037265
:108ad000017200000e720001037201720e7200003a
:108ae0005b020080002000ff000050a21a0000e995
:108af0001e0000c5ce0000a6512d049000390000d4
:108b00004a0000a6512d04900e0000d6650900c150
:108b100000010372017200000e720000590000880b
:108b200011b60194010000800501008051b6019446
:108b30000900008891b6019409000088d1b601941b
:108b40000900008811b701940921008851b70194e8
:108b50000900008811b801940900008891b70194b8
:108b600089020088d1b7019473310282420600d491
:108b70001db601c300010372017200000e720000f5
:108b80001db601c10900008811b6019401000080e2
:108b90000501008051b601940900008891b6019446
:108ba00009000088d1b601940900008811b701942a
:108bb000f9e30f8f51b701940900008811b80194af
:108bc0000900008891b7019409000088d1b7019489
:108bd00000010372017200000e7200001db601c395
:108be00000010372017200000e7200001db601c187
:108bf00000010372017200001e7200000004e08395
:108c000000201e8355b70194000103720172000019
:108c10001e7200000004e08300201e83d5b701947b
:108c200000010372017200000e720000c9b601c398
:108c300000010372017200001e7200000004e08354
:108c4000090010884024feed4a0000a600201e8383
:108c5000952d049400010372017200000e72000150
:108c6000037201720e7200005b020080002000ffa0
:108c7000000070a2080000821e0000c5ce0000a601
:108c8000912d0490003900004a0000a6912d049017
:108c90000e0000d66d0900c10001037201720000d0
:108ca0000e7200000900008851200094090200881b
:108cb0009121009409000288d12200940940008883
:108cc0001124009479c0078891200094b961078825
:108cd000d1210094f9c305881123009429a30088a9
:108ce00051240094090000889164039409000088cd
:108cf000d1660394890000881169039409000088f3
:108d0000516b039489230088d1640394090003887c
:108d100011670394090100885169039409010088cf
:108d2000916b039409000088516403940900008842
:108d30009166039409000088d168039409000088b3
:108d4000116b039479c0078811640394296000882b
:108d5000516603941d2d03c073000080a130039c55
:108d600047000080c130039cb30000808130039c29
:108d7000a3000080e130039c31380398810200cacf
:108d80000d0060ca3138039c21380398710200ca73
:108d90000d0060ca2138039c81360398a10200cae5
:108da0000d0060ca8136039c21360398910200cae7
:108db0000d0060ca2136039c51360398510100ca48
:108dc0000d0060ca5136039c71380398710100cac6
:108dd0000d0060ca7138039ca1370398310100caa5
:108de0000d0060caa137039c61370398910100ca46
:108df0000d0060ca6137039cdf000080f130039ce6
:108e000061380398a10100ca0d0060ca6138039c53
:108e10001d2d03c200010372017200002e72100aa0
:108e2000030000800804e083110e0000090001889f
:108e3000016900394a0000a6070000800804e083a9
:108e400008200e82037201722e72100a0300008045
:108e50000804e083110e0000094000880169003910
:108e60004a0000a6070000800804e08308200e8264
:108e7000037201722e72100a030000800804e0835e
:108e8000100e0000060000e9003900004a0000a6ac
:108e9000070000800804e08308200e82037201723c
:108ea0002e72100a030000800804e083100e0000f8
:108eb000020100e9003900004a0000a60700008016
:108ec0000804e08308200e82037201721e72000003
:108ed0000004e08300200e8300790000151a03903f
:108ee00001690000111a039400010372017200006d
:108ef0000e720000111a0390037201721e720000bc
:108f000062ffffd40004e08300200e8362f8ffd4e8
:108f10000e0000c54a0000a60900018862fdffd4ca
:108f200000200e8302f9ffd40e0000c54a0000a6ff
:108f300009400088a2fcffd400200e83a2f9ffd4d0
:108f40000e0000c54a0000a609200088e2fbffd4fd
:108f500000200e8342faffd40e0000c54a0000a68e
:108f60000901008822fbffd4000103720172000096
:108f70000e72000009000088111a039400010372a8
:048f8000017200007a
:020000040000fa
:0200000400807a
:108f8400c44200000400000000000000f882000059
:108f94003000000000000000f64200000040000025
:108fa40000000000744200000c00000000000000fb
:108fb400804200000c000000000000008c42000011
:108fc4000c00000000000000984200000c000000ab
:108fd40000000000a44200000c000000000000009b
:108fe400288300002000000000000000c8420000a8
:108ff4000400000000000000cc4200000400000057
:1090040000000000d0420000040000000000000046
:10901400d44200000400000000000000d842000018
:109024000400000000000000dc4200000400000016
:1090340000000000bc420000080000000000000026
:10904400488300002000000000000000f4420000fb
:109054000200000004000000ffff0000e0420000e6
:109064000400000000000000e442000004000000ce
:1090740000000000e84200000400000000000000be
:10908400ec4200000400000000000000004000006a
:109094008c01000000000000f04200000400000009
:1090a4000400000058410000b04200000c00000021
:1090b40000000000084200006c00000000000000f6
:1090c4008c4100007c000000000000006883000068
:1090d4000400000004000000010000000000000083
:020000040000fa
:0200000400807a
:1090e4000e7200001d0700c300010372017200002c
:1090f4000e7200001d0700c100010372017200001e
:109104000e7200000900008851a103940900008830
:1091140091a1039400010372017200000e72000019
:10912400010008800500008011a0039402feffd412
:10913400c24900d442fdffd4000103720172000051
:109144000e7200000900008a51a0039407000080f9
:10915400c12b049c00010372017200000e72000016
:1091640003000080c12b049c00010000d1a00390e7
:10917400120000e9103900008effffa68900008864
:1091840091a0039400010372017200001e7200009a
:10919400030000800804e083d1a00390120000e9da
:1091a400103900004e0000a6070000800804e08388
:1091b40008200e82037201720e720000c12b049803
:1091c400037201720e7200000980008ad1a1039417
:1091d4008940008811a20394000103720172000007
:1091e4000e72000051a10390037201720e7200000e
:1091f40091a10390037201721e720000090000889d
:109204000004e083d5a0039019620088016900007e
:109214000004e08300200e83037201720e720000ca
:1092240011a10390037201720e72000091ce01909d
:10923400037201720e72000051ce0190037201722a
:109244000e7200000900008811ce01940900008804
:1092540051ce0194f9c0008891ce0194d34c02827e
:10926400420500d4610900c0610c00c2a20100d40f
:1092740000010372017200000e720000a20100d40a
:10928400610c00c00900008811ce01940900008817
:1092940051ce0194f9e30f8f91ce01940001037232
:1092a400017200000e7200001dce01c300010372a2
:1092b400017200000e7200001dce01c10001037294
:1092c400017200001e7200000004e08300201e836f
:1092d40095ce019400010372017200001e72000019
:1092e4000004e08300200e83080000827a0000e975
:1092f4007a0010e9811000988e0300ed080001eb5c
:109304008110009c00010372017200001e720000b3
:109314000004e083090010884024feed4a0000a602
:1093240000201e83152e04940001037201720000b4
:109334000e720001037201720172000001720000da
:10934400020000cc0a0002e1260000a6080002fb8d
:10935400080000fb3f0470f8007d0172020000cd9c
:10936400ff0100840ef80fc56a0000a60a0010e190
:10937400260000a6080010fb08000182017200000c
:10938400060008c46a0000a6020000e0160000a659
:10939400007a0172f2ff07cc0100008005001480fe
:1093a400013d00006a0000a600740000160000a63b
:1093b400007b0172f1ffff80f5e30380017200007e
:1093c400090020880100008005003480023d133f1d
:1093d400aa0000a60039013b1a0000a80172007b14
:1093e400020011ef01720000f9e30f8ff1ffff801b
:1093f400f5e3138001720000660102860a10008af8
:10940400220000b80172000006000088017200000a
:10941400660104870a20008b220000b80172000054
:0894240006000089017200003e
:020000040000fa
:0200000400807a
:10942c00c04a8000e44a80000000000000000000f8
:10943c00ac4f8000e44f8000a0508000185080009a
:10944c0000000000784b80009c4b8000c04b8000db
:10945c00e44b800000000000304d80000000000054
:10946c005c4d8000644f80002c4c8000bc4c800014
:10947c00604a8000704a8000884a8000984a8000c8
:10948c00ac4a800000000000084b80000000000087
:10949c00344b8000000000000000000000000000c1
:1094ac0000000000000000000000000000000000b0
:0894bc00000000002c94800068
:020000040000fa
:0200000400807a
:1094c400345180005851800000000000000000006a
:1094d4002056800058568000145780008c56800017
:1094e40000000000ec5180001052800034528000d3
:1094f4005852800000000000a453800000000000c7
:10950400d0538000d8558000a05280003053800092
:10951400d4508000e4508000fc5080000c51800046
:1095240020518000000000007c51800000000000f9
:10953400a8518000000000000000000000000000ae
:109544000000000000000000000000000000000017
:0895540000000000c494800037
:020000040000fa
:0200000400807a
:10955c00a8578000cc5780000000000000000000dd
:10956c00945c8000cc5c8000885d8000005d800095
:10957c00000000006058800084588000a8588000cb
:10958c00cc58800000000000185a80000000000039
:10959c00445a80004c5c800014598000a45980000f
:1095ac0048578000585780007057800080578000c3
:1095bc009457800000000000f0578000000000006d
:1095cc001c5880000000000000000000000000009b
:1095dc00000000000000000000000000000000007f
:0895ec00000000005c95800006
:020000040000fa
:0200000400807a
:1095f4001c5e8000405e800000000000000000004f
:109604000863800040638000fc6380007463800012
:1096140000000000d45e8000f85e80001c5f8000c3
:10962400405f8000000000008c60800000000000ab
:10963400b8608000c0628000885f8000186080008d
:10964400bc5d8000cc5d8000e45d8000f45d800042
:10965400085e800000000000645e800000000000de
:10966400905e800000000000000000000000000088
:1096740000000000000000000000000000000000e6
:0896840000000000f4958000d5
:020000040000fa
:0200000400807a
:10968c0090648000b46480000000000000000000c2
:10969c007c698000b4698000706a8000e869800091
:1096ac0000000000486580006c65800090658000bb
:1096bc00b46580000000000000678000000000001e
:1096cc002c67800034698000fc6580008c6680000b
:1096dc0030648000406480005864800068648000be
:1096ec007c64800000000000d86480000000000052
:1096fc000465800000000000000000000000000075
:10970c00000000000000000000000000000000004d
:08971c00000000008c968000a3
:020000040000fa
:0200000400807a
:109724000e7200001d0700c30001037201720000e5
:109734000e720000624effd402abffd442a7fdd4e8
:10974400c2dafdd4420efed4c241fed44275fed428
:1097540062cdffd4a2c0fcd44285ffd46291ffd471
:10976400829dffd46278ffd4026bffd4c264fcd420
:1097740062d6ffd442c5fed462eafed4820fffd47f
:10978400e2fcffd4a21000d4a22700d4000103728b
:1097940001720000112f0490090010880004018355
:1097a400170001fd270001fd370001fd870001fcc2
:1097b400570001fdc70001fc770001fd870001fd92
:1097c400270101fca70001fdb70001fdc70001fd51
:1097d40001720000152f0490c30021fc1238000010
:1097e400220000ae01720000c30021fc120032e02e
:1097f400c70013fc227e72742224126100041083b9
:10980400017200001e7200000804e08303620282f9
:109814000020108308200e820e0001d6000103727e
:10982400017200000e720000f361028200200083c6
:109834000e0000d6037201720e72000013620282df
:10984400002000830e0000d6037201720e72000025
:1098540023620282002000830e0000d6037201728c
:109864000e720001037201720e7200010372017222
:020000040000fa
:0200000400807a
:10987400247080005c70800084708000c870800058
:10988400fc7080001871800064718000b0718000e9
:10989400c07180000000000000000000d071800052
:1098a4001c7280004c7280004873800060738000da
:1098b4006c738000187480007c72800000000000cb
:1098c4000000000000000000000000000000000094
:0498d4000000000090
:020000040000fa
:0200000400807a
:1098d800cc748000047580002c7580007075800041
:1098e800a4758000c07580000c76800058768000d2
:1098f8006876800000000000000000007876800094
:10990800c4768000f4768000f077800008788000c4
:1099180014788000c0788000247780000000000060
:10992800000000000000000000000000000000002f
:04993800000000002b
:020000040000fa
:0200000400807a
:10993c0074798000ac798000d4798000187a80002a
:10994c004c7a8000687a8000b47a8000007b8000ba
:10995c00107b80000000000000000000207b8000d5
:10996c006c7b80009c7b8000987c8000b07c8000ad
:10997c00bc7c8000687d8000cc7b800000000000f7
:10998c0000000000000000000000000000000000cb
:04999c0000000000c7
:020000040000fa
:0200000400807a
:1099a0000e720000b1110098110000ca0d0020ca0b
:1099b000b111009c81100098110000ca0d0020ca4e
:1099c0008110009c00010372017200000e72000001
:1099d000b1110098410000ca0d0020cab111009ccd
:1099e00081100098410000ca0d0020ca8110009c1f
:1099f000000103720172000001720000020000cc3d
:109a0000020000cc01720000020000cc020000cc79
:109a1000e367028600040183f3670286170001fdf5
:109a200003680286270001fd33680286370001fdc6
:109a300023680286470001fd13680286570001fd76
:109a400001720000570001fd01720000030000fade
:109a500062beffd4f21f0000092c0490800000eccd
:109a600003000088800011ee2f1d0172030000fa30
:109a7000f01ff11ff21f000001a10390f01f000072
:109a8000e2bcffd42f1d0000000022e4120022e4fb
:0c9a9000092c04942f1d1f1d0f1d0172d6
:020000040000fa
:0200000400807a
:109a9c00010000008c4100000000000000000000ec
:109aac00ffff00002015800094148000901a8000a5
:109abc007c1b8000082480000000000000000000d7
:109acc00000000000000000000000000000000008a
:020000040000fa
:0200000400807a
:109adc004f637420203120323032360031303a302e
:109aec00333a333800000000089880002898800032
:109afc003c9880005098800064988000f6420000ea
:089b0c0000400100dc9a80001a
:020000040000fa
:0200000400807a
:109b14000c2480004824800088248000982480003d
:109b240048258000902b8000b4288000f424800015
:109b3400102f8000dc2e8000382f8000542f8000ee
:089b44003f01000021000000b8
:020000040000fa
:0200000400807a
:109b4c001e7200000004e08200201e82452f049447
:109b5c00030000fa00010372017200000e72000093
:109b6c00230d0280f0020000830d0280510000944e
:089b7c000001037201720000f8
:020000040000fa
:0200000400807a
:109b8400088880006c888000c8888000d88880009d
:109b9400e8888000008980000000000000000000c8
:0c9ba40018898000288980005489800006
:020000040000fa
:0200000400807a
:109bb00090898000f4898000508a8000608a80004b
:109bc000708a8000888a8000000000000000000089
:0c9bd000a08a8000b08a8000dc8a80003f
:020000040000fa
:0200000400807a
:109bdc00188b80007c8b8000d88b8000e88b8000f9
:109bec00f88b8000108c800000000000000000004a
:0c9bfc00288c8000388c8000648c800075
:020000040000fa
:0200000400807a
:109c080078868000e4868000408780005087800046
:109c18006087800078878000000000000000000056
:0c9c280090878000a0878000cc8780001f
:020000040000fa
:0200000400807a
:109c3400702f8000e02f800030308000cc30800016
:109c44006c318000183280006833800088338000d3
:089c5400003480000000000054
:020000040000fa
:0200000400807a
:109c5c00449280007c928000a8928000b892800090
:109c6c00c89280002c92800038928000e092800094
:089c7c001093800000000000bd
:020000040000fa
:0200000400807a
:109c84008e720000d36b02860e037f72006c018318
:109c94000e030000c235ffd462deffd4000103725c
:049ca4000172000049
:020000040000fa
:0200000400807a
:109ca800d08480003c85800098858000a88580004d
:109cb800b885800000868000108680003c86800081
:020000040000fa
:0200000400807a
:109cc800f01f0000c2000fe500200083512c04940f
:109cd8000f1d017221021003330601806abdfbae1d
:109ce800330601808ac1fbae270101fca70002fdf3
:049cf80001720000f5
:00000001FF
